vehicle_year,make,model,vehicle_type,license_number,vehicle_state,serial_number,usdot_number,empty_weight,registered_weight
1999,Toyota,Solara,in,EVK 3907,FL,FO28 2513 5848 1681 33,4055392,14698,19131
1997,Jaguar,XK Series,amet,ZTD 4347,WV,KZ44 705B 4CYF EF2R RY2B,2281499,4175,11695
1991,Plymouth,Laser,ut,IPJ 8804,MI,BE98 0356 6528 0472,1144899,19393,10654
1980,Honda,Civic,urna,QAK 6465,CA,SE43 7995 7607 3205 0585 9573,2695876,10198,5846
1954,Cadillac,Fleetwood,rutrum nulla,DLJ 4460,KS,FR23 7899 0607 56RE LWRQ LY0W X29,1796567,17456,5797
2008,Lincoln,MKZ,donec semper,UDZ 6669,CA,LU60 068B ZEYV 6HUC QHCJ,1209212,7593,15508
1997,Mazda,MX-6,pellentesque at,RLJ 7718,NM,PK17 ZJYH 8IIL 09GH PMFW RMCC,1099621,4199,5085
1990,Audi,V8,aliquam,QIZ 3098,FL,SI23 8367 4692 9561 255,2370154,10272,12787
1984,Subaru,Brat,aenean auctor,PRN 3334,AL,MR96 5350 6464 3737 9230 6546 222,3001141,18293,4001
1998,Lexus,GS,phasellus in,ZTX 3488,AR,MT04 XPPC 2780 4K58 2N0U V0TK ZMRE 7XA,9658949,10105,7366
2007,Land Rover,Range Rover Sport,nibh,PWI 5590,MO,NL30 LIYI 9845 6253 86,2920513,16001,8913
1991,Suzuki,Swift,ante,CTB 2435,AK,AT96 8323 0273 3780 5687,8975501,7512,8751
2012,Mitsubishi,Galant,sed,NCP 1016,CA,BR68 8547 0856 8132 7937 0162 897Q D,5116031,18616,8085
1998,Pontiac,Sunfire,dui,QKG 8693,TX,FR60 4466 7505 96CY LNJ5 XLQC W60,9003434,8855,7783
2001,Buick,Park Avenue,suscipit a,FWD 8223,DC,RO59 MRYL 7MXG HKF1 UPTU 1MXE,9035712,12211,14939
1994,Mitsubishi,Diamante,vestibulum,MUC 8415,LA,TN21 0036 1240 7780 3370 9359,1790936,12018,3570
2012,Bentley,Mulsanne,et ultrices,HRZ 8084,AZ,LV95 XQER R9KG EDB3 NEMP 1,6312598,3041,18261
1992,Isuzu,Space,aliquet ultrices,FZG 1186,CA,VG06 BJAD 2119 7910 7620 3224,2359766,10991,12849
2011,Mercedes-Benz,Sprinter 3500,ipsum primis,SMC 4892,IN,IL86 6577 9620 2785 6602 242,0117463,17875,12916
1994,Ford,F150,vulputate nonummy,RKH 5853,TX,AZ62 WIHO 1NYN VNI9 KWTM LUUP PKFU,0886994,16379,16614
1997,Dodge,Ram 3500,congue etiam,HQB 6683,FL,MC93 0583 3944 84AE WQMJ WA4K S00,3112571,4914,13643
2012,Mercedes-Benz,R-Class,quam,TQB 3683,VA,BG74 JDDU 5919 433O GGVT RV,7224330,3062,8888
1991,Porsche,944,dolor morbi,YCP 2513,CA,FI35 1975 3109 1883 30,3003129,5803,6104
1965,Pontiac,Bonneville,curae,PRE 7733,MI,DO65 3TD4 6855 7725 7784 6129 4079,5956704,7484,7385
2002,BMW,Z3,pellentesque,ZFA 9128,MD,DE68 9508 0430 0612 1231 32,8793314,6665,12604
2003,Mitsubishi,Eclipse,eget,EQM 3015,CA,SI96 3532 2562 5873 465,5113402,4251,14660
1986,Pontiac,Grand Am,est,MRB 8604,NV,LU97 746B HSHF ZY0Y WGFE,6621903,13351,16275
2001,Lotus,Esprit,in,YKP 1229,TX,DE37 9477 6478 9673 5377 47,4753778,11726,10489
2009,Mercury,Mariner,ut rhoncus,SJX 9032,NY,RS24 7297 3776 5254 4546 50,1564760,4423,18639
2012,Bentley,Mulsanne,et ultrices,PIT 5457,MN,IS51 8361 9257 1852 1378 9932 39,2443046,18778,17196
1992,Mercury,Cougar,ligula nec,TKL 1573,TX,DK97 3090 0110 3245 42,6958489,18927,7054
1994,Acura,Integra,ut nunc,ZMU 8458,AZ,AT89 9883 7087 6693 2666,3724618,10360,10161
1985,Ford,LTD,maecenas leo,HOT 8018,NY,CZ29 9492 6060 7152 9725 0864,7220550,11280,11071
1996,Mazda,MX-3,sit,VBZ 9094,DE,TN44 9518 3571 0727 2179 8937,4598212,19242,5059
2005,Maserati,GranSport,elit,DXO 8439,CA,LU51 381O 2IB6 DZHW 9L7Z,6941423,2074,11867
1998,Audi,A4,nulla,OTE 7869,FL,BG15 LNPY 5439 96O9 IEMM ZK,4271424,18168,16859
2001,Dodge,Dakota,libero nam,WVM 5483,MI,CY97 3905 1209 VFEI 5REG EQMD LMHW,0398737,15703,3312
2001,Chevrolet,Suburban 1500,sed vestibulum,HKT 2714,CA,PS60 SDZF NHTT XCJV IX2Y MUJH OZMW T,1596056,14748,7316
2008,Infiniti,G35,orci eget,CPD 2609,IN,NL13 MNPD 5533 8596 60,9041388,8298,5662
2004,Chevrolet,Avalanche 2500,cursus urna,CRA 1896,ID,SI83 2117 9402 5198 362,5405764,5491,13348
2009,Volkswagen,Touareg,nisl,DUZ 8589,CO,LU45 404U AAEH QUNZ 5PU5,2995850,8084,13598
2000,GMC,Yukon Denali,mattis,ZAR 1479,AL,BR87 4641 3560 5163 2675 6830 165G E,9342073,9814,7930
1989,Suzuki,Sidekick,libero nam,IHS 6204,GA,VG49 LRIS 3137 9482 1871 3269,4752616,17636,9471
1985,Saab,900,auctor,JCW 9405,NY,VG45 GIFD 8096 2413 9996 6865,8917720,16526,7759
2005,GMC,Savana 3500,vel accumsan,MJP 4252,CO,FO90 7289 0849 2718 60,4507213,17307,11920
2006,Ford,Freestar,fusce,LGR 6667,VA,SK76 7921 8610 5377 6895 3329,2468872,8018,16453
2004,Ford,Explorer,erat quisque,DFU 9332,DC,FR40 7273 3929 42OH 6FW2 428B 105,6361543,19631,4107
2001,Suzuki,Swift,vitae,NVG 7311,MI,SI03 8528 5310 2875 744,0714362,19323,2246
1998,Volvo,V90,nisi nam,DZB 0783,KY,DE91 4621 4785 5645 4187 94,3470319,13999,9662
1992,Dodge,Ram Wagon B250,vestibulum,NLT 3002,CA,TN18 3477 3034 3098 0606 8057,0326552,4113,4984
2007,Mercury,Monterey,in,JYR 5407,LA,ES83 5967 3774 3430 4019 5274,1536145,4146,4027
1990,Maserati,228,etiam,UIA 9184,VA,FR57 6408 1255 84GT F12D A4KV L06,2857316,10416,14900
2004,Chevrolet,TrailBlazer,ante,ZQE 4110,DC,AZ64 WZBZ WSFZ JBLP JYOS LBAG MUUA,9337630,19782,12722
2009,Mazda,Tribute,mauris sit,FKU 8486,CA,FR61 2682 6859 51WQ QUL0 ZEQP W16,7557821,9941,14562
2012,Audi,S5,in,QGN 8818,TX,FR69 0771 5427 88T4 ZTP4 LR88 Y47,7681133,12013,16813
2010,Scion,xD,parturient,DAN 2274,OH,IS85 1525 9139 7004 7431 9462 87,2453422,5483,15672
1994,Subaru,Alcyone SVX,et,LUZ 5260,DC,BE33 0621 8109 7949,8410831,18629,15618
2003,Chevrolet,Avalanche 2500,sit amet,RMO 0880,CA,FR73 8593 9944 662W 8ZMX LVI0 V17,3958302,19314,2815
1989,Pontiac,Firefly,blandit,NOQ 8942,CA,FR75 1359 0126 19JA 3LS3 TNSR K84,4082358,9842,13589
2011,Cadillac,DTS,dui luctus,VXJ 5943,VA,TN77 3820 9110 8436 0122 3814,6215572,17470,14720
2008,Dodge,Ram 2500,pulvinar nulla,YVK 6001,MO,MT19 DJKO 0967 9BCW VEKK 3VEW X6D3 I5K,3395551,6900,3619
2009,BMW,X3,non,UWA 5590,WV,RS56 5432 7818 3043 7853 89,7161391,7847,7094
1994,Chevrolet,G-Series G30,semper sapien,HFM 8654,MT,FR83 8436 8801 49MM MMS7 LR1Q 141,1168837,17291,16038
2010,Chevrolet,Traverse,sapien,BTE 4229,TX,LT18 9156 6870 0868 9962,9962214,15556,7911
2010,Hyundai,Genesis Coupe,dui,LTC 6800,NY,AE29 8897 7700 9707 7491 353,6467694,8601,13609
2005,Honda,Accord,in felis,MWR 1096,NC,AT34 6229 7323 7319 5145,9655206,17204,18103
1986,Ford,Taurus,curabitur in,RXC 9728,IN,SK79 6765 1564 5063 7618 8898,6050736,4217,5677
2000,GMC,Yukon Denali,lobortis,COA 6378,IN,GI95 MEWZ UPPT H58W LAIA UOY,4417233,7050,9309
2002,Suzuki,Vitara,tortor,UQF 4990,TX,TN94 4009 4743 0561 3999 2784,2847367,9407,8012
2004,Toyota,RAV4,mi,MWZ 0686,PA,AE83 2386 0888 2353 1141 207,7850692,6673,13423
1998,Acura,TL,ligula pellentesque,ASL 2189,CA,SM21 S974 4316 018A PIOR JTHY ZKB,6248355,6663,4809
2012,Volvo,C30,vel,DHF 6547,TX,BA44 3312 7284 1570 1909,0329817,12959,8729
2004,Oldsmobile,Alero,cursus,HAW 4476,CO,IL79 9965 6828 1797 7517 201,9710327,4215,4024
2006,Subaru,Tribeca,sed ante,NSP 5163,NE,GL45 9840 1874 9600 16,5417188,4690,9879
2004,Dodge,Intrepid,id,LTU 7781,IN,PT20 0530 2996 2376 5664 0674 8,6472300,4774,14158
1999,Mitsubishi,Montero Sport,nunc,NUP 6971,MI,MT45 LVKN 1152 2BHJ GOTH ZWZN PGMF HIO,2986389,6104,8761
1999,Saab,9000,rutrum neque,OMW 1688,NY,SK16 7668 3092 9159 5458 2198,0057011,8609,13817
2009,Nissan,Quest,quis,UIP 1476,NY,SA02 35HI XM2M 0RY5 IMFA VZFZ,7783360,14550,7424
2007,Toyota,Avalon,quis tortor,UOJ 4178,MO,LT48 9777 2430 5212 0932,3592828,16833,8568
2001,Lexus,IS,vivamus vestibulum,IZD 3710,NH,CR74 8830 5347 6742 9537 5,1249753,4344,10941
2004,Mercedes-Benz,SL-Class,pulvinar nulla,EVP 4746,NY,GB59 KLXK 7522 9163 9024 64,9786427,18198,7499
1996,Ford,Aspire,massa id,HCP 4941,DC,ES48 0758 5501 6983 9797 1560,1052888,17091,18835
1992,Ford,Festiva,aenean,HSP 9525,NC,NO18 9973 0537 785,0435927,2880,7998
1999,Ford,F250,luctus,FDU 0195,DC,NL77 UAES 4622 3703 71,9184615,16716,12977
1997,Lincoln,Continental,ante ipsum,BCZ 8704,OH,GE14 PK56 9882 1668 2969 68,1247666,17074,10589
1998,Mercedes-Benz,C-Class,ligula,ZED 1338,CA,PL37 3716 1951 8820 7747 2145 0069,1439763,16564,15029
2001,Buick,Park Avenue,in felis,KJB 6270,MN,LV41 PTWZ WMUD W8AQ BNG1 V,7826883,9820,14874
1988,Audi,5000CS,nam,IPM 6167,NC,EE30 5077 0694 3081 9704,0056151,2387,12232
1996,Mazda,MPV,vestibulum velit,VFG 5763,AZ,BR62 3657 5997 8841 7360 8153 270X D,4191397,9631,8069
2009,Volkswagen,New Beetle,proin,DLQ 9333,SC,SA78 53KO A0XE PQ4C CTSD ZMCP,7069396,7330,10009
2007,Hyundai,Tucson,consequat varius,JDV 8239,CA,KW42 IWGQ WODU XBEZ 2UDJ K0DW AJDG Q2,8688795,5933,5789
2009,Aptera,Typ-1,felis,HWZ 4679,CT,GI45 UBKA C8EN USBV SRRN V7Q,6663038,15066,15797
2001,BMW,X5,nulla sed,LBA 1422,MA,KW63 WNZB VCJU TBZQ YLFA PMN8 LAAV 0X,4248516,10065,11964
1992,GMC,Rally Wagon 2500,amet,URY 5142,NC,MR74 2781 5111 2961 5772 2390 389,6854166,16494,7216
2006,Mazda,B-Series,vitae,BXC 9263,CO,FR76 8375 6137 75CI 7CPH ZZFR N97,6197114,14467,2087
1997,Dodge,Viper,ante vivamus,BAV 9427,PA,RS50 0720 0179 1250 5273 37,4152910,15494,8759
2006,Mazda,MPV,nibh in,LUG 0006,WA,GE57 JF50 9830 9871 9724 72,2428534,8214,19000
2012,Porsche,911,mauris,OTF 7412,OH,LV72 AOWV IGSH HXMH HLVQ W,3082689,11168,17456
2008,Mercury,Milan,ut massa,ZHB 3187,IL,BH69 TGNA K3UC IWCW CG6Y LY,9185048,15352,4959
2000,Daewoo,Leganza,orci,YON 7454,SC,LI53 9828 4QHK JEGO N6QU O,1819694,9638,2010
2003,Pontiac,Grand Prix,mi,QKO 6243,DC,GE28 GC45 8501 5017 8476 57,2245400,16983,12395
1993,Mercury,Tracer,pellentesque ultrices,NSE 4996,TN,FI97 3098 8980 0350 71,2242842,4878,13682
1987,Saab,900,in,YNH 8199,CA,GL26 5776 6055 9569 79,2842007,12440,10211
1996,Mitsubishi,Mighty Max,porttitor lacus,PAX 3849,FL,RO66 VHES BKG0 ZLPH ODAD XD31,1189779,5429,15112
2001,Volvo,V70,orci,NDC 9522,TX,RO37 DVLN FI80 J7YL REML EQ4P,4163989,5712,2429
2006,Volkswagen,Rabbit,suscipit,QSW 7266,NV,FR09 3154 8521 80JN K19Z SA7D V11,7410368,16270,19927
1985,Buick,Skylark,dui,DNU 7882,KS,RS08 6712 5032 2209 4339 61,6886044,8203,16946
1986,Pontiac,Sunbird,bibendum,EXJ 9301,WV,MK44 0449 DMCI WH86 U20,6183798,18398,5239
2007,Chevrolet,Silverado 1500,nulla,IES 5516,FL,BA57 3135 3731 5770 5311,9666830,18710,13069
1990,Ford,F-Series,massa,GEZ 6439,FL,GI61 AVDY PR0D 1BAS Y7RP LAB,7907377,11727,2398
2007,Mazda,B-Series,dolor vel,MOG 1020,CA,CH47 6826 6DUP CYZ5 WVNP Z,0424629,16072,17566
1995,Volkswagen,Cabriolet,accumsan felis,NPZ 6936,OH,EE32 9312 8721 6601 5929,3313815,12468,10568
2013,Hyundai,Elantra,vestibulum velit,CVO 9938,NY,FI72 7324 7889 8132 57,0843705,5789,16555
2007,GMC,Savana,diam,TQL 5849,TX,MD47 EFHF YNNT HOFH OOC7 3HLF,1280063,11453,15571
1992,Oldsmobile,Bravada,velit,QST 3031,GA,AT44 8242 4348 1755 8738,2956512,12819,9328
1987,Ford,Ranger,sapien,AIW 3333,FL,RO09 BIJV RZPF XGDY 99OI HLXH,9211009,19081,3809
1995,Ford,F-Series,quis orci,WAP 6770,NV,GE36 DE60 0717 6169 4230 16,0037798,19338,8076
2010,Toyota,Sequoia,cras,WRZ 4663,NC,CH63 3482 8M0W 4FPS QFMP C,2352159,8958,5458
1992,Mazda,RX-7,risus,JVA 2061,MO,PS84 ALCV KOCB Q75P OLL7 RCMX Z6FC R,0942562,14442,12815
1970,Pontiac,Grand Prix,elementum,EDG 9522,IL,FR12 7414 0229 553D 9LTG YOHE I91,9148865,18571,12758
1993,GMC,Suburban 2500,nulla ut,CFH 5381,TN,DE22 6127 5154 6801 3188 61,5656809,4498,2822
1998,Chevrolet,Corvette,duis faucibus,ALI 8339,TX,DO71 R7NM 5285 4915 9022 9681 0452,6348931,17523,15907
1985,Ford,LTD,in tempus,RMN 5011,SC,TN55 8651 1242 5986 3597 5012,8321076,15493,2972
2011,Buick,Enclave,sit,BHC 0079,LA,AL39 0072 2120 RK0I OIAU U8Q7 IXTQ,7139284,3298,18797
2001,Mercedes-Benz,SLK-Class,diam,MIW 2239,FL,DE29 7866 3148 4151 5785 78,4476662,18053,5237
2000,Honda,Passport,pellentesque,SMT 7109,AL,EE78 0681 4805 6256 5299,6361901,18715,7480
2000,Pontiac,Grand Am,odio in,QGP 9924,MN,MK56 543W 2BAS SJXJ 760,2516182,6673,18211
2009,Ford,Expedition EL,odio,WHL 9036,MA,VG64 DYIG 6479 1394 1420 1304,1016983,11810,15320
1993,Dodge,Ram Van B350,mi integer,ZGS 0274,WV,MR98 4375 9795 0584 2069 7458 061,9394685,15630,6558
2010,Lexus,RX,iaculis diam,RIT 7961,CA,DK42 6404 8653 3214 55,9482292,9329,7642
1985,Mazda,B2000,fusce,LVC 3514,MN,AZ35 TMUD PL9A MJNB QAFV TYK9 AHKP,3776202,9888,15848
2006,Bentley,Continental GT,neque vestibulum,ZTB 1782,OH,GL08 3690 3996 8236 25,4088239,9781,11300
2006,Chevrolet,Cobalt,penatibus et,YPK 5351,MD,PT37 9543 0437 5093 5556 6684 5,2150009,14614,7211
2000,Volkswagen,Cabriolet,vehicula,VBX 7507,IL,GL14 0339 9612 7806 97,3122679,11172,12231
2005,Mazda,Miata MX-5,amet,BXA 0164,DC,LB09 6038 QK2F LJRQ VNUS L2LH 6ZUD,4365807,19903,8522
2009,Cadillac,Escalade EXT,eros suspendisse,THP 0350,AZ,LB21 6535 MYH9 V18L 25KP HX7O 5IXG,1405337,5501,4459
1997,Mazda,MX-6,eget orci,YHC 5012,AZ,SK45 9319 8118 0356 8941 1656,7384984,3177,4532
1994,Mitsubishi,Mirage,ac,WAP 6357,AL,NO59 6565 3397 595,6920298,6408,15079
2005,Chrysler,Town & Country,interdum venenatis,JCQ 8216,IL,GR66 3849 292F 5STX TAAX F9CI LR1,4247953,11027,11145
1991,Buick,Roadmaster,congue,YOW 1375,AL,KZ35 353Q BR6P GMYU 2RNZ,2799899,16290,5406
2005,GMC,Sierra 2500,amet,THU 6876,AZ,FR75 9550 2889 15FR BXNC Q01M O54,4772358,7386,10505
2009,Honda,CR-V,id,RHQ 4175,FL,SK44 8255 6911 9532 1525 0694,5513541,3155,11741
1997,Acura,SLX,platea dictumst,FIQ 7037,AL,PT50 6173 7164 2379 7213 2575 7,0218821,17108,4531
2009,Land Rover,Freelander,nulla sed,VCD 4377,CT,MR14 8120 5347 4746 5838 5319 811,1418958,14186,17718
2006,Mitsubishi,Outlander,scelerisque quam,XCS 7776,TX,FI98 3743 4984 0770 99,8170509,5340,6793
2007,Mitsubishi,Raider,ipsum ac,DHK 1850,MI,ME64 3068 3027 7834 9671 62,6743117,10865,3446
1988,Mazda,626,ridiculus,JVO 4348,FL,BA83 0828 5691 7181 3733,0270582,7452,7529
2009,Lexus,LS,sed,QXO 1251,CT,GR93 4716 076H PUUI XMA6 AJIA 35J,5295488,17610,5152
1998,Dodge,Ram 2500 Club,lectus,SDZ 6899,DC,GL15 2590 4053 0492 26,6559063,17961,15136
1994,Chevrolet,Corsica,dolor,BSE 7951,PA,MK58 334E RB4F AN62 S28,2073066,16087,14484
1977,MG,MGB,curabitur,HCX 8671,MI,SM65 T298 1391 929I 9L2H 1PFJ MMO,2679391,18777,9405
2002,Volkswagen,Passat,libero,TGV 1818,TX,FR79 4497 6918 31HI 3MAI E6X1 V11,6184698,10461,11728
2005,Chevrolet,Cavalier,ac,TIF 9770,WA,LT62 7247 1771 4764 0582,6782709,15352,17822
1988,Volkswagen,Cabriolet,accumsan odio,QEP 8238,OK,IL55 6641 5644 1458 6918 823,1067417,7537,3780
1996,Eagle,Vision,fusce,DOA 5244,KY,PL29 1278 5562 4580 8082 1463 2621,9025134,13463,17863
2010,Maybach,57,lorem vitae,QWZ 8637,NY,FO90 6304 3623 7997 76,8767150,12173,5479
2006,Porsche,911,luctus et,HAS 0449,IN,EE85 9500 8590 9135 3556,3144436,7492,12913
1966,Ford,Falcon,pede,MSO 0514,GA,TR94 7693 3XE6 69K0 KUEB 1OI6 KH,2195780,17086,18637
1996,Lexus,LS,mattis,VKA 4017,NY,GB29 IYVP 6354 9532 8928 61,7086488,11737,12602
1989,Subaru,XT,habitasse,IZD 8539,AR,FI89 8521 7755 3122 01,8178332,7205,16205
2004,Jaguar,S-Type,nibh quisque,EQV 2657,TX,FR19 4561 9039 02SU VVEY CTP9 R83,7214076,7696,9300
2009,Honda,Ridgeline,justo,OKJ 3580,NY,DK19 4860 3791 9888 70,9628272,16035,16018
1994,Toyota,Corolla,fermentum donec,FVQ 2429,WV,LT92 5569 5895 7717 7919,9436796,3949,8524
2001,Lamborghini,Diablo,natoque penatibus,BGP 4006,CA,FR24 1122 4712 04E7 YOOH JKUP U09,8604162,14418,15677
1969,Pontiac,Grand Prix,sit,CNO 1273,IN,BH58 VMUP GN6X VK93 NW1C VO,4082992,5873,16366
1996,Oldsmobile,Achieva,morbi non,TEQ 0121,FL,AT63 9221 3996 3635 0138,1613234,15926,16260
1990,Volkswagen,Golf,semper,SET 6892,IL,SA85 42IE I8GI 0PTC 29TP TVHI,3219320,18886,9918
1997,Honda,Accord,risus semper,NAK 0481,PA,FR19 3702 5752 56PK YUID RBY6 D67,8879308,16853,6158
2007,Mazda,Mazdaspeed 3,luctus rutrum,IXL 5289,CO,GB51 WNHX 2786 5877 5462 62,7721737,19137,18717
1988,Ford,Courier,nunc,GYV 5164,TN,AE59 6858 4357 5388 5106 767,3465689,16397,7810
1993,Chevrolet,Blazer,lorem vitae,VYP 6234,CT,GT04 B9FH IAOM 2DNB KHOU TMET XEPA,5251549,7402,19340
2006,Chevrolet,HHR,morbi,OLK 4028,PA,MU47 KTTG 0693 1962 1879 8336 674G EZ,1208631,6286,4044
2004,Suzuki,Swift,aliquet massa,EWJ 2761,VA,ME43 4789 8956 6179 1255 09,8464874,9016,12691
1995,GMC,Rally Wagon G2500,nulla sed,HUE 0501,AR,CZ70 6924 3580 8091 4549 0794,6032212,13253,13016
1992,Buick,Regal,aliquet,OYD 6627,IL,MR35 6532 5329 1035 8177 1610 573,1742437,2149,19994
2007,Bentley,Continental GT,at,LQO 8385,GA,FR82 6173 8534 58AI RB5C TL2O F46,3266709,10925,12113
1992,Subaru,Alcyone SVX,arcu,TVF 3195,TX,GE23 OV94 8307 7951 2607 09,6248781,17509,9306
1987,Buick,Riviera,pellentesque volutpat,ODS 7707,CA,SE34 2166 6755 9045 2338 0867,6670967,10504,5556
1993,Saab,9000,eros,FXS 0176,NY,GL49 1285 0192 2133 14,5002374,18756,4822
2011,Mercedes-Benz,GLK-Class,sem,MDB 0506,CO,FR63 4769 0248 89GC OKXR UFJT Z65,4828107,18515,15558
1991,Audi,200,at feugiat,VZW 5824,FL,KZ20 972V IOW0 1VE3 R5AZ,5058994,7436,6910
2004,GMC,Safari,dolor quis,VKB 9111,OH,CZ02 9945 1885 0205 7339 5036,0614666,3633,9865
1996,Chrysler,LHS,justo,JTF 0383,NY,IT34 Z614 2126 464M K07P A67M UFA,5524040,3283,12409
1995,Plymouth,Neon,nibh,WMQ 8529,CA,SI40 7378 9376 9644 955,7114012,11237,13151
1994,Mitsubishi,Chariot,sem,NPJ 3362,PA,AE39 5378 2915 1458 5750 441,3270152,15642,18990
1999,GMC,Suburban 1500,consequat,XUD 8854,VA,FR09 6608 2040 99KY R4DJ CF71 413,5820598,4073,6318
1995,Ford,Club Wagon,quisque erat,DZJ 7271,NY,MK95 602E U5GH S0TQ K02,9337865,15206,12317
1986,Mazda,Familia,risus,OEX 9684,TX,FR77 2328 6427 47BZ G4LF C1H7 234,3900399,18481,10599
1992,GMC,Sonoma Club,nullam varius,TNU 9580,NE,MK83 314Z 5DDX WWUE U20,4463062,13530,12235
1994,Mitsubishi,Mirage,nunc nisl,ICD 6263,TX,KZ55 2575 OIP2 94A7 8FXJ,6566818,18865,19072
1997,Chevrolet,Tahoe,aliquam convallis,IRS 0101,CT,PT56 8194 9597 7530 8573 2775 1,0134972,17486,11393
2008,Volkswagen,Rabbit,non mattis,TYX 0896,TN,NO19 3228 9305 087,7461624,3688,8030
2005,Ford,E-Series,nam,RKC 0983,CT,MT72 YVIR 6347 2VLO YHJ8 AHI8 4QUS A4V,1457690,7128,9916
1990,Mazda,MPV,porttitor,EGD 4062,KS,PS15 CHIY WZ30 EZAM EMMD Y4ZI ZLII F,2933539,4704,19792
1957,Chevrolet,Corvette,quam,QVX 4573,VA,FR34 6941 4006 62UM TDZD NLVR Q14,2532056,9846,13383
2001,Kia,Sephia,mauris,XOF 6306,MN,BR38 8762 3784 5926 1467 0887 925Z 0,5897954,4836,2325
1993,GMC,2500,at,WDT 1290,HI,FR83 6535 9927 66UK PLC6 BHXI G41,0990826,5138,10211
1998,Infiniti,I,pede justo,RHE 0031,MT,AL07 3126 1614 7V5A JG0H IDT7 I6Y9,9461556,13326,14284
2004,Mercury,Sable,donec,XQL 6979,NY,LB35 5976 OUR3 BFKN TGY8 LPAA ESQE,2227815,16984,9505
2010,Ferrari,599 GTB Fiorano,proin,WNE 9433,MO,IE56 QWAZ 0826 3478 4831 70,7744213,10740,11820
1985,Pontiac,Grand Am,purus aliquet,BTO 9748,IN,ME84 1743 1462 9316 0154 28,6370061,6059,18478
1991,Saab,9000,massa,LUG 2817,FL,CR04 3815 3553 0617 6717 9,9433143,17781,15793
1998,Lincoln,Town Car,tellus nisi,XKL 7792,CA,MK46 231J JVAC IWFN S05,3170317,16400,19844
2005,Suzuki,Swift,tristique tortor,AOP 2595,CA,HR29 6184 0960 6553 8463 2,4662969,18458,3569
1994,Ford,Lightning,quam,CPY 0442,MO,MU47 TALA 9030 5305 1696 4064 465D SX,5629560,12309,16759
1987,Buick,Century,sed sagittis,ULZ 9679,CA,RO16 DFOR KEID 1CVX L8KR Q2Y1,1236732,18916,2080
1991,Ford,Bronco,nunc,QKT 1233,SC,IS12 5519 4920 3459 1425 3828 84,2056772,14000,17634
1992,Cadillac,DeVille,bibendum,ZMY 3868,NY,FR84 3439 9475 84U2 TWOD ZGTP V30,6587535,12758,9588
2006,Porsche,Cayman,et,BVZ 5664,CO,RO65 FPKE BN20 2QVW I6ZU CNAP,6035930,14074,18384
2007,Hyundai,Sonata,eget,TZW 7694,TX,PL44 6464 4793 9074 5703 0087 6563,0234024,9428,19313
2003,Ford,F150,lacinia aenean,NLM 1313,NE,FR24 4386 8568 096K G2HJ ZHXK P46,7144836,18993,18385
2005,Audi,A8,lacinia,PWF 6936,FL,MU52 XTIE 8326 6638 6946 6355 816W ZM,1609001,16765,19611
2003,GMC,Yukon,vivamus vel,AWG 0214,CA,BG72 EMCI 2321 12YS JARS 63,2048685,8788,10710
1967,Ford,Mustang,orci eget,XKU 9872,MD,FR11 6576 8913 66AE UHP8 10PS F14,7096683,6928,5565
2007,GMC,Savana 2500,et,MFA 5076,DC,GE32 QY94 2434 2599 1727 38,3099607,6600,3452
2012,Bentley,Continental GT,velit donec,TQL 9219,CA,EE59 2599 4043 0278 3052,0841269,3565,3234
1999,Nissan,Maxima,curae,EXG 3036,VA,GB36 OHCD 6391 8698 4630 48,5608057,11075,16767
2005,Chevrolet,Colorado,id,JOY 5527,CA,MR84 1708 6641 0633 1999 8924 170,0581877,16039,3910
1995,GMC,Rally Wagon G3500,sit,MLH 8016,VA,LB75 7999 3YCH ZIR2 UZL1 VZIZ LBS1,3138716,14528,3744
2008,Dodge,Ram 1500,id,QYE 8420,WI,MC06 6344 5105 83LD 6MXN ZGAU T86,5020025,14417,8910
2005,Cadillac,CTS,nulla,EZH 5332,MO,IT10 W376 5317 753B THIT UQ9M 858,6960990,15791,18319
1996,Buick,Regal,lacus,EIR 9369,CA,FR90 1555 5564 13TQ NAIK CSLZ P53,5940258,2141,10577
2001,Dodge,Ram 1500 Club,id,BRP 3896,MI,FI22 6204 5306 2940 19,0904062,19652,5778
2002,Saab,9-5,tortor,PJC 6465,MN,SI21 0886 9264 3264 966,4359357,3695,18720
1993,Dodge,Stealth,diam,DNX 5676,TX,MK98 737U DGMI Q5PD F59,2041426,17897,3542
1994,Audi,riolet,purus,RHX 3384,NY,PK05 HYTV CVRA KXEP YJFV HYRB,2959683,7559,12733
1999,Pontiac,Firebird Formula,rutrum neque,EGW 0048,OH,RS67 6931 1614 5967 5263 99,9163007,8999,10228
2000,Daewoo,Nubira,tellus,JSF 3904,FL,GE52 DA46 8607 6016 0526 85,3675660,6511,12566
2003,Toyota,Solara,faucibus orci,ZCF 8785,TX,PT45 5554 7614 2428 8003 2533 7,1433515,7395,8562
2006,Volkswagen,Rabbit,ac tellus,FCL 5647,NY,FR76 5269 0867 97CT MLBL BOME Q55,2410873,4419,18867
1986,Mitsubishi,Tredia,ultrices,PBT 8523,NE,IS90 9505 9124 3191 4932 7621 00,5241591,16977,6116
1989,Mazda,MX-6,dictumst,HNX 7778,CA,LI67 0610 4RKC P3S3 HVGC Z,4519545,17000,11139
2012,Nissan,Cube,risus,ESZ 8051,NE,GB92 DFFQ 8519 3562 6507 76,5525647,18554,14727
2005,Toyota,Land Cruiser,nunc,ECV 2942,NC,BE16 4656 4197 8016,2605400,15123,17189
2004,Infiniti,M,diam neque,YKD 4141,CA,IE62 AGPP 1334 6332 0924 98,6806202,15804,4466
2000,Dodge,Durango,magna bibendum,DSQ 6084,MD,MK28 996G PB2Z CSZW I87,1013598,11773,2563
1994,Mazda,MX-3,ultrices,RGC 3801,WA,SK19 6408 5784 6986 5712 6483,8673719,11976,15104
2000,Mercedes-Benz,SL-Class,penatibus,BMK 2327,DC,IT50 Y401 7815 246T 8WFG 68FX KZB,2679135,9413,18242
2011,Porsche,Panamera,scelerisque quam,RWE 2794,NV,IE74 OSJP 1308 4341 0355 97,9543911,3827,5966
1986,Mercury,Cougar,semper est,XOR 5390,IA,MK53 405M UU2N YR6O Y40,6242479,7862,13007
1994,Dodge,Ram Wagon B350,vivamus in,OLK 1237,AL,DE77 1665 7260 2467 6563 54,7540333,6081,7830
1972,Pontiac,Grand Prix,suspendisse,GAP 8493,SC,BA42 9887 9234 7398 9097,6137375,6305,12640
1999,Mitsubishi,3000GT,sed vestibulum,FXM 8085,PA,IL89 4229 2635 4455 5909 790,4126067,18406,18425
2007,Ford,Fusion,non lectus,DYO 3566,OH,FR37 5001 1905 01GT CYYF GMTG D89,5482461,18328,17425
2007,Rolls-Royce,Phantom,quisque,UGY 3790,OK,RO25 QUKZ PSGZ VUQL NOII GMJH,7313798,3065,4114
2010,Smart,Fortwo,turpis adipiscing,MOG 0238,CA,PS16 CGGK 2DEN R2JI IVAY 2J3B 0SWG P,0216907,14490,19084
2001,Land Rover,Discovery Series II,turpis eget,MHI 2508,MI,AT98 0182 4537 0609 7198,1375653,3852,18438
1993,Dodge,D150 Club,varius nulla,YCD 0847,CT,PL12 2497 3733 9941 4799 0869 1069,7933101,12855,7687
1999,Plymouth,Voyager,dui nec,TPK 0884,IN,BE07 3763 6813 1386,9731350,19716,3582
2000,Chrysler,Sebring,nunc,GZW 2520,CA,GE62 GM76 6713 4705 1228 17,6773709,9767,19570
1993,Mercedes-Benz,300E,eu,TXI 7542,GA,SA59 75T3 I95J WN8U YCNT ZS9Z,3955283,7348,17574
2005,Volvo,S40,adipiscing,DGK 4203,AL,BG57 ZVGP 2796 29JT ZBB2 NI,8922561,17192,14170
2002,Lexus,ES,lorem quisque,SLY 0175,MO,FR83 3624 1489 784H YQYV E8E4 Q34,2302959,4004,4114
1992,Dodge,Grand Caravan,vel,VYN 4568,OR,BG18 ENFD 7288 82XP D8PS RX,2405869,18418,16874
1999,Volvo,C70,odio,NCO 2646,LA,IT69 X162 6233 414O KVP2 EAN7 9ZC,7893900,8802,18462
2006,Chevrolet,Corvette,eu tincidunt,SBC 8638,VA,IT45 E353 3913 748R NJZA RD6P EI3,1153318,6864,17523
1994,Dodge,Viper,vitae mattis,WEH 0271,CT,LT63 6225 8490 7133 6121,1850009,8280,16311
2000,Chevrolet,Prizm,fringilla rhoncus,QLK 6067,PA,LV62 AXUQ UCKL JN09 RFIC H,9204019,4497,16804
1955,Chevrolet,Corvette,lacinia,WBN 9020,TX,GL89 9017 5996 3885 13,7393266,2590,6845
2012,Infiniti,IPL G,quam a,WNB 8220,CA,IS31 6454 1271 7213 4756 2143 79,4773806,12308,19914
2008,Saab,9-7X,sed,SDL 2357,MI,FR67 9051 1341 26KF 7CX7 H1ZV 347,7189183,11314,18212
2012,Toyota,Prius,odio consequat,GEW 0564,VA,PK34 NZBH V6GA PSQH R6RL MJRT,5506593,4786,15280
1996,Chevrolet,Astro,cras mi,OYB 7879,PA,FR39 5010 3225 80LG LPW5 1NZB V52,7061755,3873,4382
2007,Chrysler,Sebring,odio,RKP 6858,IL,FR05 8348 8142 20R0 5AUA HHUW U03,3077423,2856,15696
1999,Nissan,Altima,neque,AUC 4904,DC,FR56 0647 7597 12EP 48W2 UNUW R74,8953274,2959,11760
1993,GMC,1500 Club Coupe,nunc commodo,XDA 4452,PA,FR21 5078 9557 57ZJ CODM XNA0 J80,5078022,4705,10941
2001,Volkswagen,GTI,et,OUK 1095,NM,SI70 4923 3203 7929 079,2115234,18112,18153
1961,Austin,Mini Cooper,proin risus,THD 3964,TX,FR35 9503 5214 47J3 TSKS Q7N5 C58,0176893,17702,3796
2011,Tesla,Roadster,sit amet,CTY 0048,VA,BA12 5112 5421 8866 0440,2289419,16422,11312
1999,Oldsmobile,LSS,vestibulum ante,BAL 2712,PA,FR65 2440 2269 91UL 9RS3 WWCT 616,7961114,14275,13807
2010,Infiniti,FX,platea,TPB 7863,DE,FR69 4394 4235 27A2 YKHW 6A6D G96,4021456,4560,18467
2000,Saab,9-5,cubilia curae,VWM 2557,TX,HU30 4452 0408 8766 0550 1240 4790,2256168,6975,4675
1997,Subaru,Impreza,id sapien,LQH 4436,CO,SI10 8950 5014 8012 075,4131190,17327,15023
2011,Audi,TT,ut,JAI 5977,TX,TN96 4175 4687 2888 6310 2377,1214226,11465,7343
1995,Geo,Prizm,curabitur in,WHV 3584,MI,BR19 8268 3635 5200 6812 3933 218E M,1913375,4200,10929
2011,Toyota,Sequoia,est,CNW 1162,GA,FR66 9606 9649 64MG VZJP DDFB X59,2393658,5688,17329
2011,Ford,Focus,volutpat in,BHD 2649,AR,FR06 0568 0283 93AF JRSO 8701 S11,8825206,11458,19552
1993,Nissan,Quest,quisque,UVE 7178,TX,AT48 0091 7198 3257 5493,0881857,7315,5562
2008,Isuzu,i-370,at,WVK 6570,IL,FR68 4192 8707 75P1 WOD6 2GTJ H59,3404094,2425,11114
2002,Hyundai,Santa Fe,duis aliquam,TOR 9883,OH,TR12 3244 8SWW VTJO ZXZ6 O9OY V8,3773253,18304,3750
1996,Toyota,Tercel,dictumst,CLH 5037,IN,AD16 7626 1560 8YMT FMBA QZCN,6814448,10433,17124
2012,Nissan,NV2500,non interdum,FIT 9679,TX,LI15 3067 9UMU GH9J JIVZ 0,9468477,4921,6690
1998,Mazda,626,lectus,KCE 2709,MA,AT87 9835 8260 8004 9840,5449583,13562,4969
1972,Pontiac,Grand Prix,mi pede,TYM 6422,OH,GE73 CH42 7915 6346 3211 27,0322513,14634,12595
2006,Maserati,Quattroporte,eget,JAL 2240,UT,AT82 4278 6019 1008 0802,6057011,5816,6291
2011,Mitsubishi,Outlander Sport,euismod,DQX 6987,CA,CY52 3124 2405 QY0P YGGW 5BSB ZI6E,2531230,12636,15295
2005,Hyundai,Tiburon,ipsum praesent,PFU 2057,CA,ME14 9715 6568 2889 3647 05,1446994,17386,17883
2006,Cadillac,Escalade ESV,ut suscipit,EVZ 6080,DE,GR52 3202 680Z QEJC 2NQI 7SNW XLL,4165674,5345,8916
1985,Mazda,RX-7,morbi,NLR 4998,FL,CR79 5980 1251 0089 0374 8,0141440,18144,14916
1995,Hummer,H1,nisl,HTR 3328,CA,SM47 V347 4038 2269 ZQG5 T9IC LFR,4999782,13886,9882
2006,Lamborghini,Gallardo,integer,NUK 0490,FL,LT77 8258 8268 5792 9833,4801754,16740,9405
2012,Smart,Fortwo,libero,WMD 7094,TX,TN49 8524 6537 9725 4937 0775,0058609,2544,13555
2001,GMC,Sonoma,neque,AHY 6390,WA,SM33 U901 7322 644J RVW9 S8CB RCE,4881627,2111,4205
2010,Aston Martin,Rapide,tellus nulla,GZC 0747,TN,MC59 7889 5585 90NW AQH9 REBM L03,3341412,12528,13376
1990,Mercury,Sable,semper porta,GKE 5720,TX,FR11 3101 0212 53XP V6LB NDDY D53,4875539,12237,11543
2010,Volvo,S80,non sodales,KGE 4383,NC,MU32 BKLP 4236 7339 1869 3493 897C JO,9105148,14412,4091
2006,Buick,LaCrosse,venenatis non,MPK 3889,DC,KW38 RQVO 3AHX OFQR 4JBU OI0Q 8TCH DO,8368304,7983,4281
2008,Toyota,Tacoma,gravida,SQH 9407,CO,NO26 8226 6351 509,1908680,12752,10887
2001,GMC,Savana 1500,eget orci,NMB 5813,NY,BA48 7513 7368 3986 2247,9708520,14608,15484
2008,Cadillac,Escalade ESV,nam,AWP 8868,CT,SE52 3853 8856 2459 5346 2219,3895890,13667,19065
1994,Acura,Vigor,dis,NWH 9692,NV,FR59 6364 9811 13PH TNFS QPIO F04,0202340,14543,14691
2006,Mazda,Tribute,volutpat,BYH 5778,IN,HR24 7415 5740 2480 4487 9,7396677,13055,15234
2000,Toyota,Corolla,proin at,OIP 8268,NC,MR78 0553 7014 3759 8163 0845 897,1758689,6739,9498
2000,Dodge,Ram Van 1500,leo,EQA 0956,CA,SM66 O104 4546 597M GSWR 9CCW GLN,7308015,13484,11110
2009,Audi,TT,sed,PNI 7042,FL,FR79 2945 4655 3545 UBRM KL22 F60,5894306,5894,9390
1997,Acura,RL,non ligula,TAW 0578,NY,LI61 0566 1UNH DHNR DKUH O,8195892,9143,19548
1997,Infiniti,QX,consequat lectus,GJN 9299,MO,FO59 8444 2547 0325 28,9334929,14258,18804
2007,Suzuki,XL7,ipsum,UKP 5965,MO,FR50 6656 2838 25CS APF0 VXMK U64,7973496,17712,16716
2007,Kia,Sedona,vestibulum sed,JHF 6780,AL,TN39 1109 4984 5087 0072 7974,9660042,7671,9399
2010,Hummer,H3T,quam nec,WIO 2976,MO,FR63 0072 7523 40J0 DXQJ BGTS R05,7140827,18203,5312
2006,Infiniti,G,blandit,ZUR 5464,WA,SK41 5530 0442 3931 2616 0669,4715511,9850,8990
1992,Dodge,Ram Van B150,sem duis,SPB 6645,DC,PS73 VDWR YOMT S3VQ ZNNJ T1IZ OJN6 6,8032989,14724,6833
2006,Buick,LaCrosse,justo,UGH 0659,IL,PL67 2085 0944 2776 4017 5331 1052,5022144,4544,7389
2003,Buick,Park Avenue,hac habitasse,RMX 3112,KY,BR13 6279 9081 4608 8673 6183 496C Q,2123210,10882,3672
2009,Infiniti,G37,eu est,XNY 0742,IL,SE23 2733 7161 1683 8013 9350,5780063,16378,7338
1990,Subaru,Loyale,magna at,FTV 4732,WA,BE09 9823 0577 8255,0884817,9720,5670
1964,Chevrolet,Corvette,pede,LGS 1964,CA,HR34 3514 3330 8928 1970 3,2905161,6531,2504
2000,Dodge,Grand Caravan,laoreet ut,LHQ 7514,MO,HU08 7383 6638 4782 1076 9841 2322,0736708,17676,17679
2004,Hyundai,Elantra,dolor sit,OUG 1131,TX,LB30 4899 CIQ4 CQND DYYU KE3W GZS8,3208438,14876,5922
2011,Nissan,Armada,quam,AJX 2143,DC,FR33 9205 9035 13MA 2PAX ZYCW 494,6166272,10035,13945
2011,Honda,Accord Crosstour,duis mattis,WEY 4000,CA,SE24 9713 5732 3264 3650 7077,0209701,8850,12030
1995,Chevrolet,Beretta,at velit,YJE 3993,DC,TR68 1979 1V1L ACVC 5WFJ EJVT AA,2608112,7967,2231
1995,Chrysler,Town & Country,donec diam,MSV 9110,CA,IT16 X923 9276 4559 RTX1 I8EP WBU,0425943,11139,14979
2001,Lexus,ES,proin interdum,OHW 2073,CA,GL29 4119 2954 3736 84,3811161,3988,6199
1995,Toyota,Celica,ipsum primis,LGY 8970,FL,RS78 7896 4328 2560 9581 50,6373369,10002,14156
1987,Mazda,626,nulla sed,NUK 2542,OK,FR27 2293 2493 33LF JUDB JJXD V60,7648826,13931,11137
1996,Jaguar,XJ Series,nam,YGR 5594,TX,GI27 GJPY 4MNQ HQMS QMS5 SUY,8353843,2246,17353
1998,Ford,F250,justo,AHV 9827,LA,FR50 8773 5791 644R MVPT QKW5 L72,8259505,6075,12050
2006,Pontiac,Montana,amet,WCU 4594,WA,FR67 1751 2243 066W KP7P P0UF 984,4642932,17771,10381
2005,Hyundai,Elantra,metus arcu,IEL 2351,MN,GL21 5109 8896 9007 26,7364102,19718,6823
2012,Chevrolet,Silverado 1500,erat id,MAG 8811,NJ,ME67 7264 4910 0136 6718 28,3081309,16200,14921
1993,Mazda,RX-7,morbi,NKT 0920,MS,KW19 YSII 6Z5G 32LK SCRK NHBX 6WQE ZE,7426868,16790,15104
1989,Mercury,Tracer,rhoncus,RMY 4817,DC,BE64 2575 1769 8415,2386380,2251,10365
1999,Mercury,Cougar,fringilla rhoncus,DMW 3672,IN,FR23 5001 4457 16MY KSLO WLVF R81,0966945,2111,2909
1991,Maserati,430,integer ac,HVY 1021,TX,MR68 4885 2311 8431 3101 8515 563,3645999,15544,9322
1993,Cadillac,Sixty Special,mauris,TGL 9525,NY,BG84 VHVZ 3649 80TX BSC9 QD,5999287,18821,13297
2008,Lamborghini,Reventón,eu nibh,OBI 6291,AL,AZ93 KOVI AGVH 7PBP 3OJX AVPN GOAV,5014179,5378,17208
2002,Ford,E-Series,vivamus in,PGK 5223,OH,FR23 1095 7015 60EI 1QVM RVXM D55,3334389,11006,8552
2012,Nissan,Armada,pellentesque,EAS 2445,VT,TN88 4210 9335 1189 7533 3591,6784818,6439,19363
1968,Shelby,GT500,dui,RQC 1704,HI,HR19 6510 3712 2134 6784 4,9609155,4012,12135
2002,Pontiac,Grand Prix,ac,ROQ 0025,IN,DO86 FPJX 3582 5115 6469 4024 2315,2587524,5840,18746
2009,Mitsubishi,Endeavor,dignissim vestibulum,VEM 3537,PA,GT14 LYN3 PPMH ZTWA 6FJZ BYZP BMFA,1703249,14805,14004
2011,Chevrolet,Silverado 3500,ut,POG 0260,CO,PL09 2119 6337 8572 4065 2578 8601,1092289,12321,15736
2012,Subaru,Tribeca,vestibulum eget,HSZ 0032,TX,SE15 6851 2686 2202 5713 5380,3946924,16022,13553
2010,Bentley,Continental Super,morbi porttitor,IOJ 1675,KS,FR20 0963 1413 07SZ L6F3 LMY0 E22,0810379,12781,3740
2009,Cadillac,DTS,sapien,WOA 5998,AZ,PT75 1771 5727 7270 0462 4714 7,8608363,5178,14665
1996,Jeep,Cherokee,volutpat in,LYC 0302,OH,AE95 8037 8209 4030 9215 086,8133548,18272,3486
1985,Buick,Somerset,aliquam quis,QEC 1790,KY,KW96 GKAK HQQ6 TGQ0 7YI3 ADQ4 8LC3 1W,5404862,14527,9862
2004,Ford,Thunderbird,luctus ultricies,ZIP 2138,MI,HU72 2908 2344 2694 7173 3218 5039,7834199,10943,10852
1988,Ford,Laser,id ligula,KDP 8006,NJ,BE54 0888 3345 0787,5464638,5750,15868
2008,Chevrolet,Silverado 1500,purus,XOL 6324,TN,IS63 9798 8061 2469 1847 8347 94,3553465,7390,15241
2008,Nissan,Titan,erat,RBE 9125,MI,PL42 3742 2346 8583 8165 7932 3290,4695417,4456,4423
2009,Volkswagen,CC,aliquam,UYP 8971,FL,FR83 4242 0274 081B HRXB ZIRA A24,4564942,8379,5077
1973,Chevrolet,Corvette,et ultrices,YAT 4365,NE,GR21 5651 833U OEPE CMYC U2BT S5A,6175380,17171,4547
1999,GMC,Envoy,rutrum neque,EHC 9966,AL,VG62 DZMK 9263 8773 2883 8070,8350126,11361,18095
2011,Ford,Crown Victoria,pellentesque,AWY 9948,FL,SI45 8298 9707 3165 870,1959540,10433,15193
1997,Mitsubishi,3000GT,orci,LFZ 4866,IA,GI16 MAAS YZ6V DGEY PW7X Q0X,6264997,9511,15636
1985,Ford,Ranger,sem,JFU 5694,MD,CH02 0348 0RVJ 4SE1 ULCV B,8035401,12827,3863
2003,Dodge,Neon,augue vel,YIJ 1105,AZ,NL76 VBWC 4720 6454 17,2213152,15686,10656
2004,Mercury,Monterey,eu,DMP 0219,TX,FI80 0827 9518 3856 88,4442836,19786,19021
2005,BMW,X5,in,YTZ 1919,AZ,PS35 FOWJ DRMD RSSB HBCJ TNDL ZQBP P,3197834,15015,4656
1999,Mercedes-Benz,SL-Class,est,JAS 6011,TX,RO86 QBBR W6JV ZEAG J9OD RTBW,8174858,11869,17243
1998,Mazda,626,sodales scelerisque,PIG 5216,TX,KW51 CFKN R1SX EDA0 XCON ZOPD CNHM FG,2803697,2299,19035
2006,Suzuki,Swift,ornare consequat,WYA 3421,TX,FR53 8220 3388 367F NQ1T PO5U 634,7186147,10396,10260
2006,Maserati,Quattroporte,integer,QMR 2831,TX,CH73 8395 61KL DNZA DBSE J,1996683,15230,2184
2012,Porsche,911,nam,MCG 0023,NY,SK35 3413 4981 9464 7792 3576,6902308,3941,16151
2007,Lexus,LX,nulla integer,FXY 7338,NE,MD73 OS48 FQEV QPHX FI8X BKXV,9996631,12152,18571
1986,Ford,Ranger,augue aliquam,EPI 2080,SC,FR32 8010 2536 04HI VENR EJJW H00,8223866,4477,19399
2003,Volkswagen,Touareg,hac,NOM 7687,MO,LV03 NXOQ YKPN YREC JOV5 V,8893875,6298,6713
2007,Nissan,350Z,nulla mollis,ATZ 8788,WV,SI58 2291 9278 1639 997,2075895,8577,8663
2011,Lincoln,MKZ,iaculis justo,LZP 6616,IL,AE68 5515 9906 7248 9782 460,2093799,2981,9943
2010,Volkswagen,Golf,proin risus,QTZ 7418,NV,FR16 9897 4071 61VY FKDP 7KC3 E50,7182937,17620,2791
2006,Ford,F-Series,pretium,AMB 7835,TX,NL67 GEQX 5092 3251 77,0693867,7304,2329
2004,Ford,Focus,proin,NAW 5601,KS,FR85 6427 5646 52ZI GWA5 29J6 567,2148423,17191,11083
2009,Dodge,Dakota,a ipsum,MIC 2755,NY,GB42 UPFY 6925 2737 7322 36,3293418,19277,18811
2006,Mazda,MPV,nec molestie,OVU 3278,NY,GL03 3017 7469 2606 55,6763070,17434,5534
1995,Mercury,Grand Marquis,augue,SDE 6426,WV,BE06 8774 5604 6131,9580928,9329,16040
1990,Lotus,Esprit,duis,QEM 1930,CO,BG33 TSZG 4403 13D1 MI63 3M,3637905,16486,17841
1987,Pontiac,Sunbird,mattis egestas,FGO 9501,CA,GE97 YW51 1667 7808 1611 85,5271399,16520,10657
2006,Saturn,Ion,vestibulum sed,OVE 6993,MA,FR77 9704 3654 82RE ZU7D H1EQ 205,2926611,3877,9704
2012,Mazda,Miata MX-5,ut erat,RLM 6587,VA,KZ56 063F 4THU FXZV KD4S,3206356,18861,6457
2009,Mercedes-Benz,M-Class,sapien,QNV 3728,NY,FR10 8126 8079 8117 TGNE BYD0 H66,2833148,3400,13613
1987,Buick,Skylark,consequat,MPH 3656,IN,BG63 UELK 3606 90VA VISD GI,4953720,8997,12533
2003,Nissan,Xterra,leo,RTA 2165,TX,FR53 5219 1941 09NA I3UH Z117 Q90,5238225,3694,8330
1987,Mitsubishi,Galant,vel lectus,QIV 8199,IA,SK50 0400 0531 5176 4164 5825,2631925,3610,19149
2009,Cadillac,Escalade,dapibus,OGK 9495,VA,LU51 779Q BM7U IK8M AVOH,4903057,18253,12718
2000,Dodge,Neon,vulputate nonummy,LFR 5742,PA,AT47 0215 9416 5479 2579,6484712,17420,10523
1987,Mercedes-Benz,SL-Class,cursus vestibulum,CAY 4316,CA,AE30 8873 3238 8264 4423 490,0280959,12196,14854
1990,Mitsubishi,Eclipse,et ultrices,YQB 3149,NM,GR06 6626 254V DEIO BT9Q J14R ARK,8442392,7391,2818
2001,Suzuki,Esteem,volutpat eleifend,XQN 5700,NC,CY07 7942 2218 EPFV PLBN T6HR OWQP,3656678,7784,9585
2001,Mitsubishi,Diamante,morbi ut,GXB 5787,CA,FR47 5836 0504 98IN 9JZ3 WFOX 661,1997828,15081,15210
2011,BMW,5 Series,at,AKV 5875,OR,DO62 1CIS 9371 7117 6601 7807 7517,8671868,13447,8561
1996,Mazda,626,metus arcu,NPL 1525,TX,PK45 NFCW 8JKN 48HD 0OPQ JBID,6155385,16554,10527
2009,Mazda,CX-7,pharetra magna,FPX 0758,OH,CH66 2336 64EI ANKZ 9HNC 3,6724008,14878,13145
1992,Acura,Vigor,cubilia,YJD 4804,MI,IL28 0337 8081 0666 3460 915,2101631,16774,2309
1984,Ford,Bronco II,nam,FBD 0477,OK,FR36 8660 9554 69VQ RNMO EOLB O90,8858516,2437,7796
2004,Cadillac,XLR,sapien,MJP 3927,NJ,SK41 2739 7878 2437 8030 6216,9157375,9579,17141
2011,Toyota,Prius,pede,SAW 0913,OK,FR68 8463 9384 61ZA 1N3O VJEL O37,1471047,7406,6133
2009,Saturn,Astra,lacus,VNA 5579,LA,FR93 4097 1687 79PY VBW3 0LKO 629,8513197,13609,18478
1999,GMC,Suburban 1500,ipsum,WPR 0220,IL,FR34 2487 4595 30PR 96QO 0IKS S27,2634287,13314,8653
2013,BMW,X5,quam nec,KVE 9740,IL,GE91 CE43 2694 2701 1125 80,1595694,8482,2329
2012,Buick,LaCrosse,faucibus orci,BEF 7052,OH,BG83 EWWB 7234 640P JG0Z 3S,6609539,7374,3901
1994,Dodge,Colt,felis sed,FCP 5347,GA,NO70 3907 8069 359,4580665,16275,19988
2006,BMW,325,sed,KFV 0056,TX,AE08 9124 7848 6080 0439 815,5229664,7024,8549
2008,Chrysler,Pacifica,erat,DZJ 4643,WV,SA52 53WS F5OP KVAI MQXJ HGJH,3666084,10401,2536
2011,Suzuki,Kizashi,viverra,PEF 6115,AL,FR78 7256 3030 32MK YPNX TVSW L74,8874365,5905,16930
2000,Toyota,Ipsum,magna vestibulum,DEY 5534,NE,AT42 8478 4849 4615 2821,2325337,16560,15231
1996,Chevrolet,Blazer,cum,TVW 8423,CA,NL65 OJQD 5922 4597 74,4502573,16762,19260
2001,Mercedes-Benz,SLK-Class,ut odio,FDS 6253,IL,TN50 5575 9543 8604 6549 2597,2137773,9493,15443
1986,Mitsubishi,Tredia,eleifend,UPC 0879,IL,PS09 NZYR TTYY GDCT F9TV 9SMF NKJN K,1771325,14232,8891
1992,Chevrolet,G-Series G20,pede,OKF 7389,IN,IL54 2519 1261 2201 0082 286,0739933,12867,19165
2002,Ford,Th!nk,nunc donec,EFQ 6647,NC,IE14 BJMC 0756 9940 3293 83,0323808,15420,7848
2004,Suzuki,Vitara,quisque arcu,ELS 8191,MA,GB95 GCNN 5335 2808 4343 45,9918221,19356,19839
1992,Mercedes-Benz,190E,id pretium,OMQ 6303,MD,AZ80 MJKM YO3W OTT5 5TML KBFF KHUV,1282820,18240,17001
2009,Volvo,XC70,magna,FBL 2404,VA,FR11 8662 2090 55F3 JMIT 3R49 Z82,0751604,11487,16110
2005,Chevrolet,TrailBlazer,quisque id,HJV 2222,WV,MR64 7128 4753 2381 2963 3141 349,8665649,13441,11165
1995,Plymouth,Acclaim,quisque,DLP 4885,NY,FR88 2169 0116 298C UNMZ 7WKC A84,7629175,5513,10985
1998,Buick,Park Avenue,iaculis congue,QSL 1283,AK,BR53 2889 0570 4790 7632 4178 127Z P,4376455,10179,6822
1988,Pontiac,Sunbird,et ultrices,TKR 8674,CA,KZ24 536E EBC6 Q6X3 PAC0,1601748,19763,13991
2009,Mazda,CX-9,sollicitudin ut,NGU 7128,IL,SE72 7052 6322 3370 7471 4436,2936812,15704,16730
1999,BMW,7 Series,at,QRV 1655,OH,IS06 1652 8196 6569 0731 4503 33,6407047,7408,16735
2013,Ford,Edge,et magnis,SEA 0185,TX,EE35 2659 2528 2391 6309,6729613,3236,4300
1994,Land Rover,Defender 90,libero ut,KAY 4846,OH,CZ74 9319 8281 2674 5021 6897,5730582,5564,4631
2009,Ford,Explorer,neque,UOD 1055,MS,IE07 JVZS 4370 4203 7136 47,2619782,16627,10663
2007,Suzuki,Forenza,morbi,KUG 3225,WA,MU23 XUGO 6348 6192 3602 1351 072C QB,2786896,17381,17388
1992,Chevrolet,Beretta,maecenas,TUC 8371,AZ,NO85 1497 6457 555,0336609,9006,10630
1995,Suzuki,Swift,non ligula,BHQ 7776,ND,FR64 7786 1338 47MC UQUI RJMV Q65,8521978,3216,5129
1994,GMC,Sonoma,ac consequat,KRX 1294,TX,DE41 0489 6302 0184 2075 98,8450315,14185,13373
2010,Dodge,Challenger,ac,EUL 7641,MI,SM21 X948 7975 183N EG4C H7WI A8R,4895049,11680,8023
1993,GMC,Suburban 1500,orci luctus,HOI 9232,CA,AE82 2210 8881 3058 5771 352,8150491,8774,7767
2004,GMC,Canyon,duis,YVW 0426,NE,HU69 4631 1252 5889 3054 8031 7265,7344560,2866,7549
2004,Cadillac,SRX,consequat varius,DYL 6392,GA,FR70 4060 5038 78Z4 HULA E2WV F84,4678198,6755,14392
1998,GMC,Savana 2500,a,ZXN 1057,TX,FO20 6965 2389 9260 28,6231290,15844,13665
2002,Buick,LeSabre,pretium iaculis,DWS 6546,CA,NL96 MKVD 3943 4282 74,8059556,18770,10370
2011,GMC,Terrain,cursus vestibulum,MTL 2036,TX,FR63 0786 1077 22FY OR4X TZKR Q77,2565066,19491,6545
2000,Lamborghini,Diablo,tincidunt in,VDF 3046,KS,DK80 8120 0220 8256 06,7438572,19156,3544
1987,Mitsubishi,Tredia,donec,IXV 7434,NV,TR94 1428 6JWJ XCXV ZYWH SKSS TO,1647615,3626,14167
2005,Hummer,H2,blandit,BHF 7210,OK,FR10 8720 0386 78IM FQQN TGPR M53,2347945,2474,16354
2000,Ford,Taurus,duis,DEK 4109,MI,FR17 8899 7517 91FU SBUH 9QJV Q98,3653301,7339,10993
2006,Morgan,Aero 8,feugiat,SEO 0677,MA,FR90 0505 4998 38JF U0DW 9K6X P72,7464301,8841,17708
1999,Audi,A8,nulla,JAK 1441,FL,GB84 SHOQ 0693 8427 9997 60,4326844,19893,4091
1996,Nissan,Altima,in hac,ZXU 8206,AK,CY02 1742 0927 GF9E UCUF ZT69 4F1S,3018283,11549,10995
2001,Toyota,Celica,nonummy maecenas,PSO 5122,CA,IL91 2311 8870 4198 7775 817,2866684,8522,7247
1993,Saturn,S-Series,scelerisque mauris,DIN 0636,VA,MT40 IPEU 8674 353X Q1HQ GMJI HZWM 7PS,3270206,19483,6689
1999,Cadillac,Escalade,vestibulum,BTK 1864,TX,KZ47 5226 WD8G MDIH KE7T,8731337,8500,15735
1986,Audi,4000s,pede,ZNB 1361,TX,FR24 5568 1855 88PH QOMW RQQD M17,3382891,16419,4931
2009,Lamborghini,Murciélago,donec posuere,UVN 9950,SD,KZ91 468I B6OC 31FW RU9R,9391926,19407,6872
1978,Dodge,Omni,adipiscing lorem,EQW 5035,GA,BH53 NNWU GHSA OVBL E3H5 LE,8969538,4751,3299
2011,Aston Martin,DB9,a suscipit,ZIQ 6499,DC,KZ33 821N RFLP 7AFJ F9JK,9907514,12209,16884
2008,Hyundai,Veracruz,pharetra,LIJ 5297,OK,FR10 2490 3236 183F VR3O 0U0B M07,5890717,7543,2255
2007,Bentley,Continental,maecenas,BJM 7134,MI,SA16 20FM IOTI P9EK CRMS NTJZ,3516497,5483,19335
1995,Pontiac,Sunfire,sagittis nam,UYV 4319,TN,TN76 0044 3658 2210 5031 2027,7043245,16240,11346
2012,Aston Martin,V8 Vantage,curae mauris,ZIR 7490,NY,SM62 W906 9310 1287 X7NB WSGY FXF,8577074,3036,15951
2006,Saturn,Relay,eget congue,EKC 0839,CA,GI82 QTEB RIQJ MHJC QH88 DJX,9149187,13193,4927
2002,GMC,Sierra 1500,cras,CUL 2251,MI,HR13 8039 1174 5339 9845 4,4551786,10147,6142
1986,Buick,Century,duis aliquam,YKL 6207,DC,AT22 2495 4020 1004 7868,1459680,4335,7261
1991,Eagle,Talon,consequat metus,SRV 9775,CA,SK75 9666 8154 1196 6658 2962,3025825,2901,7572
1986,Mercury,Marquis,fringilla,BLN 9320,LA,CZ31 5167 6770 0338 4782 8018,9880643,2137,5762
1996,Dodge,Dakota Club,non velit,BDU 0490,MO,BE40 1148 5078 2988,8688786,8244,18592
2001,Chevrolet,S10,libero nam,DBC 5948,NJ,NL81 NWXC 7347 7152 54,4567582,6705,7010
2008,Lamborghini,Murciélago,pulvinar lobortis,GFY 6891,PA,PL80 6482 5563 8546 8293 8760 4650,9362307,19037,12569
1997,Dodge,Caravan,magna ac,XTS 7861,IN,IL44 3875 3304 0498 3240 682,2836248,9428,16974
1999,Toyota,Sienna,est,ECV 3433,IN,ES11 9391 7747 2575 1072 3265,7702020,15918,3543
2011,Nissan,Cube,sit,KPF 8477,FL,FR45 6535 6361 61QB AQPS 8EIO 682,8302759,14425,2972
1987,Pontiac,Chevette,purus,WQM 9055,TN,IT05 L172 6085 397K DOY3 FGOW M67,1425342,16581,18156
1994,Toyota,Tercel,morbi,YMW 4623,FL,IE02 QMFI 9018 6758 3105 17,9129563,7096,5698
2007,BMW,6 Series,ipsum,SYA 2859,CO,SM30 O532 4817 289Y AJBB QZOG AUS,5109805,12074,19237
1997,Volkswagen,Cabriolet,dapibus dolor,TFX 3529,IA,GB27 UMJR 7095 5830 6327 13,8900808,8405,16634
1998,Subaru,Forester,proin,BQU 3858,CA,SI92 1844 1972 3829 580,2011786,15474,10066
2000,Kia,Spectra,maecenas tincidunt,KQT 1114,FL,ME88 7019 7264 9201 0924 07,4278931,17072,2375
2010,Maybach,57,dolor,DCG 4918,CT,AD07 2418 7146 1XSN QBTQ 4Q4B,7208980,18291,11732
2003,Mitsubishi,Pajero,odio justo,QWX 1419,MO,CR85 5399 8667 8838 2816 1,5272868,12229,17922
2003,GMC,Yukon XL 1500,integer aliquet,GJO 0304,AL,DE61 2261 2904 2121 6228 00,6843028,11763,5600
1999,Oldsmobile,Intrigue,quis,HAS 5164,NE,FR46 4954 8415 624G 6GE9 QQYZ N89,8803134,5540,15750
2008,Hyundai,Tiburon,accumsan tellus,TCU 0532,KS,PS12 MFPU 7DDM TJXB EEG0 JPC5 BICW F,5991560,4512,5462
2001,Mercedes-Benz,S-Class,maecenas,TRK 1347,OK,AD92 7439 3101 EECQ PNT4 5OFX,1329726,14115,17584
1990,Pontiac,Firebird,pede,WDT 7634,WV,AT75 7896 0859 3828 9781,1337682,18854,13258
2006,Audi,A3,ultricies eu,ABR 0571,PA,TR22 6938 9NH5 WUVQ KEMT CMT6 7Q,1356603,10878,17920
2002,Volvo,C70,duis,BIW 3313,IA,MK51 979Q YAU5 BNEK C48,3862838,11223,2673
2012,Ford,Focus,vel,VNK 0906,NM,EE74 9319 3068 4033 6357,3576561,18783,14410
2011,Audi,Q5,ante ipsum,BZK 2125,MO,LT70 1056 2287 5275 3245,9308821,14173,14795
1994,Volvo,960,odio,QZW 7968,CA,FO32 3260 2399 8154 08,7662159,13750,10192
1995,Dodge,Spirit,amet,OIK 9944,NY,LV55 UKCN QV2K PWKY NHL8 V,1730200,7643,13292
2004,Oldsmobile,Alero,dignissim vestibulum,UHQ 7421,CA,KW29 FTTH VIOZ S61K 68HZ SRQQ GK88 EX,4788986,18711,16050
2003,Cadillac,Escalade EXT,nulla tellus,RGA 9694,MN,AE10 3955 2836 5122 3701 980,4122650,14732,8192
2002,Chevrolet,Malibu,et ultrices,RVN 3700,GA,PL36 9105 7064 2907 7894 0564 8248,8325868,7276,6516
2001,GMC,Jimmy,pretium,BVT 7838,SC,SM28 V192 2180 1163 VVKI LUX4 HGN,5518389,14155,7958
2006,Audi,A4,pulvinar,FDR 9241,FL,FR64 2742 8571 94OW WCLW ZY7L X98,6410905,2069,17335
2009,Bentley,Continental GT,tristique fusce,XJS 6180,SC,GT03 ADV6 JEEE 5IZ1 HKMY VRQJ 5TB3,0899263,15768,14014
2003,Mazda,Mazda6,id,DIP 5840,FL,ME06 3424 2276 6210 4684 52,5329051,10838,19475
1993,Mazda,B-Series,nulla facilisi,SOG 4508,IL,NO18 4724 4544 236,9541958,18668,7304
2012,Hyundai,Accent,justo eu,YMC 5568,MA,BG73 YKYD 2769 53SZ W1A1 GG,0051121,17894,3660
2005,Lincoln,Town Car,augue aliquam,DIQ 5768,CA,FR03 5264 4178 38KN OCLR MVSE 751,0633104,3833,16648
2008,Lexus,RX,nisi,JBA 5675,FL,FR98 7249 5928 7937 LZZQ Q618 D62,9369742,14560,14097
2000,Pontiac,Firebird,quam,YLC 5274,CA,EE38 4092 3119 3808 5707,9456016,9448,14219
2006,Kia,Rio,praesent,BGQ 5303,TX,LT98 1944 1033 5145 0363,0523200,5628,3531
2003,Kia,Spectra,eu,KCO 8469,VA,FR30 3920 8532 65FX SG7Z HG3E C42,9950110,11237,14516
1992,Isuzu,Amigo,ultrices,UFS 7286,MN,SK87 8777 7644 9431 0686 8912,8823840,7378,2245
2004,Infiniti,M,nec,WJV 0325,NY,CZ07 8460 9420 9178 2504 5610,9225259,5309,2794
2010,Lincoln,Navigator,in,JTZ 1817,NY,PL69 2015 8765 7590 8956 1937 4201,6998947,10010,11525
2006,Mitsubishi,Endeavor,quisque erat,QMX 2792,IL,FR32 2060 3772 03NC SFXA OEMA M23,5356607,17582,19061
1997,Plymouth,Breeze,mattis,IFZ 1408,TX,AE74 7768 5611 9378 0634 992,8208274,6143,3333
2004,Chrysler,300M,lobortis,ZRW 4040,MN,AT21 9098 7223 0482 2566,3080455,11038,19572
1991,Pontiac,Sunbird,dapibus,XDL 8507,CA,BG39 COXA 5346 35HE Q0JO IZ,0644246,17546,17558
1999,Cadillac,Catera,pede,GIB 6294,TN,RO68 HXUF GY4C K723 WHSD LKNU,2285226,6986,19876
1995,Dodge,Neon,ultrices,WUL 2235,PA,RO71 BYGR NHXS BSND 93YC 7SRY,9312211,19374,5680
1989,Mazda,RX-7,vulputate,PUJ 8395,FL,GL79 5887 4967 2735 11,4883998,14774,11525
1986,Ford,E-Series,sit,OJK 5795,IL,FR13 3184 9162 047C AQOZ 80BJ J36,8166951,7191,2056
2008,BMW,Z4,orci,POG 5648,IN,AE88 4452 7181 9025 8812 325,5484502,16108,9308
1975,Chevrolet,Monza,proin risus,UOT 6295,TX,SM47 Y447 8971 125A NPZ4 HHIT IRS,5487605,11716,7336
2003,Ford,Crown Victoria,donec,ZBT 3830,VA,MK14 442C BGJJ QLPM Q77,2819398,19288,9024
1996,GMC,2500 Club Coupe,ultrices posuere,LKH 8783,MA,FR77 4910 6796 593L WXUU LPBQ I68,0540732,5927,8723
2001,BMW,Z3,non,CNO 2008,OK,FR85 4067 8901 59QP UZJI QOFV 668,6830010,13191,7933
1991,Ford,Aerostar,aenean,KHF 8818,PA,PL61 7394 7464 1407 2231 2975 8708,6078532,13001,18005
2009,Nissan,Xterra,nisl nunc,XRT 9053,NY,LI61 6480 0ENC RMYB LFA4 O,4384513,17202,7557
2011,Toyota,4Runner,sem duis,MLH 1528,MO,BE27 8213 8265 3092,1619769,2546,8806
1998,Buick,LeSabre,felis donec,OZB 3804,KS,RO03 ZJYS HVT0 BWB4 Q0CT WNYU,6204496,9237,14524
1992,GMC,Yukon,eu sapien,PXO 8019,AL,BG43 RSFR 8739 93ZH UKME 6L,2251929,18729,15248
1992,Dodge,Monaco,in,YKZ 1892,GA,RS91 2671 8578 0379 9552 07,3351141,2038,16799
1994,Dodge,Ram Van B150,aliquam,YDS 5710,CA,LB80 4383 TLS9 JZFK ZUFC EAB2 7HU6,7379702,17419,6792
2006,Honda,Ridgeline,ac nulla,MIV 1317,DC,FR72 0978 1922 23I7 WXYJ KALE 053,6455109,6463,19184
2008,Volkswagen,Touareg,ligula,NOC 3668,KY,PL80 5292 0507 9474 2432 3428 2016,4123319,13149,18665
2006,Cadillac,STS-V,sit amet,OBR 0944,FL,MK03 1224 RGRU UYPY D31,1864764,4417,7380
2007,GMC,Acadia,velit vivamus,QZJ 8968,IN,SK90 1541 9969 2017 3002 7675,7625030,13114,12946
1988,Mazda,B-Series,turpis,ILV 3129,IL,GB63 JNKR 9090 7805 5345 99,2873541,19569,12630
1995,Volkswagen,Golf III,odio,NDI 7431,NY,ME54 3373 0798 7519 1570 06,9902963,9086,16381
1993,Dodge,Dynasty,praesent lectus,HAP 0871,FL,MK81 016C NFT3 O7SW 715,5664459,7540,17037
2001,BMW,3 Series,sapien varius,MPY 8547,IL,NL97 WIUZ 7718 4379 88,3074380,12361,4923
2008,Acura,TL,at vulputate,GNH 5989,MO,TR52 8871 9N0O GIZN WOVT MIJU F9,5282181,4477,9842
1998,Chevrolet,2500,quisque ut,OUL 1363,CA,EE15 4103 0666 7501 1762,9692311,7436,9849
2007,Toyota,Highlander Hybrid,nulla facilisi,ZLX 5568,UT,AD56 9352 1662 STX7 KST6 Z6OJ,3720439,12609,19824
2009,GMC,Sierra 2500,rutrum,LRV 7810,CO,IT75 X362 1500 214K VBBR W4LO LTC,7264207,17389,15915
2008,Hyundai,Tiburon,quisque porta,YTZ 4540,DC,BG03 ZXBB 3130 47UJ RZWM NT,9665177,5116,10511
1996,Mazda,626,vestibulum,AZH 8406,OK,DE59 8943 9161 0772 4352 14,9134374,18364,2293
1992,Chevrolet,Sportvan G10,aliquet ultrices,ICN 5887,KY,FI67 6260 6763 1310 40,9625947,7607,9208
2002,Volkswagen,rio,dui,SIP 5343,IN,FR80 9689 8183 19ES 2WCH OEGR T57,6213297,19493,4446
1985,Honda,Accord,eu,NIX 3119,SC,IT24 Y142 9626 639U ZR2P 7DXK VZH,6474593,14358,5799
2010,Mercedes-Benz,C-Class,nulla tellus,QEL 3519,FL,FR19 9618 1757 02MC VEVD 1RP4 I94,6154387,3393,19327
1999,Mercedes-Benz,C-Class,dapibus dolor,DWS 0113,KY,SM65 N982 8404 851I 6IDH SFZ3 WAX,1689438,8900,3458
2009,Volkswagen,GLI,faucibus orci,JVG 4333,CA,GT31 D0PZ YU2M C364 L4QE HGQO A0TN,9542102,14376,5904
1998,Volkswagen,Cabriolet,justo,FKG 7825,NY,PT78 8067 5793 6444 3134 5724 6,8747517,4298,13322
2007,Toyota,Highlander Hybrid,integer non,WQM 0331,MI,KZ72 418R WTTK ZASQ BMLC,2907822,6430,4676
2009,MINI,Cooper Clubman,massa donec,NXS 4439,TX,FI95 8666 0490 7116 33,6251600,15337,19499
2009,Ford,F150,posuere,YFT 1736,CO,PS52 KCXY E7XA 7E0S 6FXK PHMO FLOF U,5202099,10177,4332
2005,Aston Martin,DB9,sagittis,OVS 1190,TX,LI75 8249 246I PWXW OWSN V,5506319,14729,7868
1994,Ford,F250,pretium,CJO 5348,FL,SE62 4876 8397 4011 6498 1247,4470966,7289,10837
2007,Mercury,Grand Marquis,sapien a,UAQ 7227,SC,KW52 TRGO VJXR ORVU UMN4 HNR0 DZ4E EI,0726434,5525,14685
1995,Land Rover,Discovery,suspendisse,UNE 1372,LA,AT11 4220 4783 9259 2998,1568397,17596,3163
1989,Plymouth,Laser,vestibulum,GQZ 6301,GA,FR59 0160 0293 03LG YD0W DLGK 817,3125896,17231,13187
2011,GMC,Sierra 3500,libero nam,OZX 5131,TX,BR06 3597 8918 2726 8597 2885 984C N,5788563,15151,13528
1989,Mitsubishi,Starion,id justo,OUV 1070,AZ,FO40 6319 5724 2065 13,9049972,7076,5114
2005,Ford,F150,pede,RFA 8923,LA,MT60 HECU 4035 5GS7 RACU K2IT ZXP2 KPK,3389999,19684,5775
1999,Mercury,Mountaineer,consequat,RZU 6925,TX,FR31 4485 8503 51GX L0AL Q3QP O37,1508336,2025,13182
1998,Audi,riolet,adipiscing,MPJ 4397,OH,FR10 3123 9500 83YQ RGHJ E1Y1 L69,7002144,18907,12170
2009,Ford,E150,pulvinar nulla,DHQ 7054,CA,CZ27 2976 9177 1623 0646 8034,4216837,4189,4850
1993,Geo,Prizm,a,PZW 5638,OK,DO37 3ASA 2013 5802 1340 4814 2891,8229073,18689,8672
2006,GMC,Savana 3500,congue,VUJ 5539,IN,FR16 0994 2643 81DI MHXI YOFH R72,5666868,8624,18183
1994,Isuzu,Rodeo,in,LDP 4640,NV,HR64 6894 8193 9937 4861 0,2925678,9943,13950
1990,Lincoln,Continental Mark VII,tempus,DYB 7288,FL,BG92 QJVF 1609 71H2 BXTQ H5,4216006,19356,9363
2008,Toyota,Camry Solara,tortor quis,JZQ 4982,FL,FR54 0800 2716 07RF YX9L 9I2U H82,5023649,8524,8940
2000,Volvo,V70,luctus ultricies,RWZ 3435,OK,FR73 7347 7292 936L CIWT AD0A 121,9121271,5385,11695
1985,Mitsubishi,Pajero,vivamus,KHJ 9013,IL,BE30 0832 3700 6634,4259522,11037,2575
1997,Hyundai,Tiburon,consectetuer,XGQ 2540,NY,FR25 3430 6669 380G VM2Y ICXQ R34,8567906,19130,16424
1993,GMC,Suburban 2500,rhoncus mauris,UGV 9501,DE,AE60 6093 0950 7528 3816 631,9860432,10353,3040
1986,Volkswagen,GTI,curae mauris,PLF 7037,NH,GI75 QOXJ H2VA 5ZW8 4AUA KAS,0255434,16519,16444
2005,Chevrolet,Equinox,ante,JHY 5627,FL,LI06 6559 8ZFU GHKY XN2L F,2785521,10023,16005
2007,BMW,530,nonummy maecenas,LBF 6184,PA,KW68 COGY XVDS D2AN 4A5M R0NY PEKO FF,3942725,19868,6041
2004,GMC,Sierra 2500,semper,PJA 8025,FL,PK67 NCXE CXDH AJSM UQIM SHEL,1067126,15320,11877
2009,Acura,RL,tortor,OIK 8000,NE,EE17 0857 8147 9257 9801,0599523,16521,2410
1997,Dodge,Ram Van 2500,vel,UEK 9305,NE,FR77 7089 4945 56VD W3AB XKSZ A35,0879682,9842,6914
1984,Mercury,Lynx,tempus semper,TYW 8555,CA,EE54 2749 9648 1501 2050,2931617,5139,9692
1997,Dodge,Grand Caravan,justo pellentesque,BGQ 3454,TX,PL64 1780 1716 8282 8471 4171 8212,6653897,11306,11825
2000,Chrysler,Sebring,ultrices enim,HKF 6374,DC,FR50 1755 3140 70QX ILYH HUUW S65,0156060,6566,14695
1992,Honda,Prelude,dapibus augue,BTQ 7084,TN,GI05 KBSW U3QH 9LCS WYI1 AVV,3059772,15479,16363
2005,Acura,RL,eu felis,VPU 1285,ID,EE80 9921 0036 6105 5795,4535559,13180,10694
1993,Hyundai,Elantra,cubilia,NYU 9690,CO,FR44 4658 7685 71Z7 SKCN IWCY 856,4153963,6608,10372
2006,Saab,9-5,faucibus,USP 4908,DC,CZ89 1207 3512 2481 0938 4128,4692597,17720,11724
2009,Honda,Element,ultrices posuere,RNI 9829,MI,IE86 LTTZ 4699 5270 7587 02,0498178,10810,16219
1994,Toyota,Supra,ipsum,TBM 5850,TX,MC71 7280 1486 43HY ENJO PCXU Y11,4720399,6475,3590
2009,Mitsubishi,Endeavor,justo,GMD 3415,PA,IT07 M061 3067 289R ZSW2 L3ON NXR,3986741,16281,5854
2002,Dodge,Intrepid,ultrices posuere,BSC 9315,IL,CY16 4347 0654 AADD Q7TG Z8V5 PRZL,6496551,9554,11535
2010,Saturn,VUE,ut,HXI 7961,MA,MD37 MU9R OYZU 1KMC KMVX N0SQ,8935185,18099,18293
2008,BMW,X5,sed vel,HKQ 9093,AL,KW41 HLAJ JKUM J7RI 74QV XLT1 MLV9 WC,2513822,10094,2487
2009,Chrysler,Sebring,consequat dui,ICD 1530,VA,PT45 6238 2396 0216 1982 2357 0,0755417,12843,18689
2000,Ford,Th!nk,nibh fusce,SBW 3139,TX,GT78 LL1C QBML 9WXX O0PJ UQ5C N9J8,3703100,11098,14691
2006,Isuzu,Ascender,faucibus,FTG 0179,OH,FR51 6898 1219 86V3 TMHM 4JFZ 763,9844406,12062,3585
1995,Cadillac,Seville,mi pede,OXK 2676,MI,FR21 6814 2980 27VK 00UF TVBC L92,2576354,9942,3571
1997,Mitsubishi,Eclipse,mi pede,NIJ 0759,FL,GL66 5558 0041 0661 02,8837241,19810,6829
2012,Mercedes-Benz,GLK-Class,nisl,GUR 8187,MI,DE47 0223 0744 2979 1371 65,7247515,12325,6385
1985,Pontiac,Grand Am,vestibulum,BAF 3848,TX,FR11 8149 7377 03EI TTAN VDXK X07,0453406,3343,9475
2002,Mazda,B-Series Plus,lacus,DVB 4622,MN,BE15 1876 9005 2150,2673000,2083,7824
1995,Jaguar,XJ Series,vestibulum rutrum,NSK 5618,SD,DE80 6699 0311 6248 3726 08,3313689,14021,11529
1993,Chevrolet,S10 Blazer,sit,UQX 2419,KS,CR18 1879 6032 2904 1876 6,9993648,14923,4091
2007,Saturn,Aura,nulla nunc,KJU 1041,CA,TN40 6943 9959 3376 8980 5810,8883346,14693,9544
1997,Toyota,Tacoma Xtra,at,ABJ 5663,CA,MR20 1494 0403 4869 6298 3960 841,1713311,17818,5568
1989,Honda,Accord,commodo,WZT 9902,MN,LU33 634N GHYX DBSF NRXU,0867653,16335,12701
2003,Audi,Allroad,ultrices posuere,IAO 0459,NY,AD21 2311 9834 YNGJ 1OCI SA1E,1821102,15776,12451
2001,BMW,525,ac consequat,JXZ 3060,IL,TN53 4689 6026 9163 2093 6699,2198710,17594,2578
1995,Cadillac,Seville,nascetur,RNC 8249,NC,IE76 ONIL 9394 5878 4426 61,0455220,12766,4625
1995,Chrysler,Sebring,pretium iaculis,IUT 9317,MA,NL54 IVKH 5128 8325 84,2953441,8896,4560
2005,Lexus,LX,lectus suspendisse,JLF 8043,WA,LB31 9337 KHW8 J5SJ XHGJ WTTP 2MLC,1763025,6501,9271
2008,Jaguar,X-Type,nulla suspendisse,IDT 6027,IN,RS92 8093 7042 0194 4759 00,0239040,16246,17077
2002,Lincoln,Blackwood,donec dapibus,IGZ 1008,MO,PT32 4368 4387 5086 4011 8220 8,6127207,13969,8475
2004,Ford,F250,neque,SMG 0523,TX,BE50 7114 0007 4611,5812142,15295,3688
2009,Chevrolet,Colorado,tellus,ZRG 1357,PA,AT70 5320 8720 8915 8659,3166825,13430,17781
2008,Audi,RS4,et,MJT 9696,CA,CH44 3102 8AHL HK0Q ZLNW 3,6165654,8596,12071
1985,Pontiac,Bonneville,pellentesque,QNS 8669,MN,FR87 2799 9047 36OZ 0GCR EREL D05,3253142,12089,7521
2006,Saturn,Ion,orci,IZG 6709,KS,AT91 4209 8992 4051 5065,5997355,19610,7327
2003,Volkswagen,New Beetle,eu tincidunt,MXA 8053,FL,FR75 1977 4358 26IX N01O 2RSM D36,4953387,7767,15612
2006,Porsche,911,sapien,NOA 5889,TX,FR56 5307 3712 10YK 0W6I YJYD Y75,5468384,19659,10641
2007,Chrysler,Aspen,sit,CGD 6336,OH,DK18 5704 0761 4219 28,8230110,18059,17011
2012,Hyundai,Accent,tincidunt,MYD 3399,CO,CY80 2446 2821 0POY 1F2P 89CT K7YW,3293483,11625,19354
2010,Mitsubishi,Lancer,odio,FAJ 9183,CO,HR88 6581 1322 9223 0436 0,9501737,12771,9889
1995,Toyota,Corolla,dui vel,FZY 5215,TX,FR25 6794 6206 6241 FPOV 6KWP W31,8936855,17438,13742
1994,Mitsubishi,GTO,nisi,DVW 5569,OK,GI16 UZPB QL41 R2ME 6NJQ PPO,0888583,15788,18567
2008,Volvo,V70,nec euismod,SBY 9838,NC,KZ95 011N 26Y4 3K2M 1UIQ,1003599,2662,16530
2002,Chevrolet,Astro,quis,QFV 0179,CO,GR14 0835 180V NWHY WFYY NQCL CUE,3998744,10786,15386
1995,Toyota,T100,suscipit,HCP 9908,TN,GB16 EOHZ 1543 2507 6886 56,6989906,4179,14986
2010,Kia,Soul,platea dictumst,XZA 3989,FL,FO33 2334 0425 9103 76,2135051,2357,18038
2007,Chevrolet,Tahoe,iaculis diam,OQI 6823,TN,PT85 4259 1800 9807 5387 4733 0,2556878,12845,7934
2002,Dodge,Ram 1500,in faucibus,HUN 8347,CA,FR64 2858 9745 30FM BN9B 0XF2 L92,7236130,19984,2814
2004,BMW,Z4,velit id,NLE 5594,MD,TN98 7332 9103 8561 6144 2825,0081183,11444,13261
1993,Chevrolet,Sportvan G20,duis,DYJ 7218,GA,PS22 OHYJ LNJA DQ2Y FXAX FRZC 28MT A,9731078,4736,2890
2009,Mitsubishi,Galant,eleifend,QJX 1333,CA,ME97 8511 1644 4912 0384 68,8199868,13743,16518
2006,Ford,Freestyle,sit amet,SPV 6625,TN,AD39 6643 0029 XNKP KGSQ 8BJU,8769432,11958,4545
1998,Mercedes-Benz,CL-Class,dolor,OBD 2357,TX,SI79 7727 9526 8184 838,4225885,17475,7528
1996,Dodge,Ram 3500,dapibus,QAG 4563,MI,DK75 8034 0638 2130 53,8728507,4348,9945
2013,Ford,Transit Connect,nulla quisque,BAY 4000,OH,PK93 EAYV ZYT0 NLES VSDJ UKFE,7210365,4739,15364
1993,Nissan,Maxima,amet,XNI 2404,GA,MD37 BHWZ TGIH DYUQ 1RCD RKDH,5765604,17713,17149
2000,Ford,Econoline E150,ante,NRP 6084,TX,MU62 MVRM 3343 0839 1904 2153 171B HQ,9260322,12585,15191
1996,Oldsmobile,Silhouette,sit,INR 9540,MI,FR20 1053 5949 2297 DCDN U9MA R31,5604537,11534,9576
2005,Chrysler,300C,nisi,MFN 4044,FL,MC72 3652 8144 12O9 OR5M UO3F Y00,8361684,5696,14083
1995,Mitsubishi,Galant,erat fermentum,HGM 3040,WI,GR19 2884 491I RIZW GVYT LOEK 3FX,5804545,3756,17245
2004,Hyundai,Accent,at,BIT 6850,VA,HR04 1227 5702 0126 6632 2,7147321,5055,14616
2004,Ford,E350,congue diam,FUR 2561,NM,DE49 5011 0095 7754 6427 51,6981808,14511,2925
1995,Chevrolet,Suburban 2500,turpis,VQW 5640,IN,LV70 EBRD RIHB QHJS KS9F E,4115026,18916,8290
1997,Dodge,Ram Van 3500,platea dictumst,TMF 4066,GA,GR24 5362 4810 TYCU QJ8K QZ0S D54,3079134,6460,9395
1988,Buick,Reatta,sed ante,ZEJ 7163,NY,IL70 6637 5424 2480 7936 418,4374314,4696,16268
2011,Mercedes-Benz,GLK-Class,sociis,EPQ 6098,AL,CR60 8879 0804 4801 8483 5,6095282,19421,18369
1998,Mitsubishi,Mirage,et,IBK 1500,TX,HR69 3013 0065 3498 4206 7,6018819,6801,10213
2002,Pontiac,Grand Prix,integer pede,GOC 3151,PA,FR50 9944 4025 84AY E0CI IWSW 331,6353697,5848,10448
1989,Suzuki,Sidekick,vitae,EOF 0054,CA,AZ97 NTQB W9EE MCAQ ICAD F0QW KX9Q,2633128,17667,16257
2010,Volkswagen,Golf,sit amet,RYW 6740,IL,TN20 8792 8918 3428 5926 5171,7056563,10528,3856
2012,Nissan,Rogue,sapien cursus,UEO 5850,VA,FR30 4257 9132 85SJ XTRG NBYV V53,1168192,7861,18563
1997,GMC,Yukon,purus,LNP 5343,TX,SK24 8795 8206 9855 6517 8370,0922965,13943,6408
2003,Ford,Explorer Sport Trac,volutpat dui,KDZ 9673,IA,AE30 9467 8018 4166 2218 277,7694450,13600,19035
2003,Porsche,911,pede,UQX 3508,NJ,AD07 6104 4626 65XO WJT0 XXTF,4963923,19057,5170
2000,GMC,Sierra 3500,eros,NGE 4073,NC,GB30 GFDD 7694 6004 1390 67,9584369,5761,17414
1996,Chevrolet,Suburban 1500,volutpat,XHI 7476,FL,CR38 2216 8738 5325 5644 0,7087353,3057,11191
1996,Audi,A4,facilisi cras,OMU 3585,NC,AL74 2944 7157 C8XK ID7E VRFQ UTUV,8096842,6901,3159
1998,Chevrolet,G-Series 1500,cras,IFR 4570,GA,MR41 2511 6715 5968 3197 8675 877,3265835,9541,3793
1992,Chevrolet,Corsica,nisl duis,MAV 1573,CA,TN32 0470 6533 1775 6856 9674,9458364,13803,14867
2004,Spyker,C8 Laviolette,enim in,QJR 2731,OH,ES46 0783 5530 8095 9212 6909,6812140,6289,15767
1992,Chevrolet,S10,integer,VEY 6043,NY,BG35 IVQF 8374 24FX 2JHF AT,9124567,18979,15234
2012,Volkswagen,Passat,interdum,OTU 4615,FL,IL13 8082 2492 8336 0778 026,7748144,2906,12881
2000,Lamborghini,Diablo,sapien urna,MHY 5987,TX,FR29 0954 8477 79UM 3H8W W7YV D59,6345942,19064,13153
2010,Volvo,S80,nulla integer,RUY 9476,IN,BR78 7603 0464 5844 7811 0420 417M 2,4404685,19178,19453
2004,Saturn,VUE,quis augue,BGX 5982,OH,AL27 3130 7418 CMKN WNZR P0QO 0QOM,5037632,9504,6304
2011,Mercedes-Benz,CLS-Class,dictumst,VGZ 3127,IL,PL06 3697 4590 8400 2633 4136 2153,4242853,5388,7209
1995,Chevrolet,G-Series G10,mauris ullamcorper,CBY 4070,TX,IT55 X593 7582 4312 DG9B ME6N H9Q,3490293,3919,3343
2000,Suzuki,Grand Vitara,nulla,BXC 0547,TX,NO94 2062 5762 904,0255688,5825,18479
2010,Mazda,CX-7,id lobortis,WEA 9369,CA,PS42 UHQL 2IIE FJOC GXQF UPJW ISNX 7,1752642,15081,6771
2004,Dodge,Viper,quam turpis,OST 9014,NH,BG03 NVUR 1060 45OZ R846 4L,2264307,8274,8369
1961,Pontiac,Tempest,velit id,JOW 1263,UT,KW71 JJEE STM5 LTZ2 NPAH XBUS DB7Q IJ,8510276,10708,10199
2010,Suzuki,Kizashi,pulvinar,URD 9249,SC,IT55 K758 2968 135O 95AC SEJG DYQ,3979017,2544,18064
1994,Oldsmobile,Silhouette,pharetra,TXS 6366,CT,FR65 6376 5932 25LH 7VDA 1G7R L81,5518642,14707,17324
1997,Isuzu,Hombre Space,cras in,ZJO 1602,OH,TN84 2596 0328 3138 5355 6571,1373225,4890,2297
2002,Toyota,Echo,sit,TCJ 3142,OH,BA60 1685 3339 4661 9201,3422095,17325,15867
1992,Chevrolet,Corvette,sed,ZTB 9581,KY,CZ23 3790 6405 7422 5336 1991,5427474,14620,18351
2009,Volkswagen,Eos,phasellus,XHK 1549,CA,FR53 8430 0420 359O WDHQ OGFA W59,6789017,19822,13104
2006,Honda,Element,eu,ZNI 1849,FL,ES27 0991 2139 0789 7397 9509,3401956,4102,15006
1999,Chevrolet,Tracker,in leo,FPU 3855,PA,FR48 3053 8501 29CG TVDU FEOV 247,2817976,13726,9397
2003,GMC,Yukon XL 1500,maecenas,XOA 5600,LA,AL95 0879 3384 FMRX 5K1D E7N7 QF6X,2658886,17655,15702
1999,Chevrolet,Cavalier,dui vel,OVK 8146,AZ,AT55 8084 8327 7165 1344,0959851,18612,5963
1994,Acura,Legend,montes,QWE 3827,MO,BG61 FEEZ 0182 65R8 XDKF EO,2287503,4160,10034
1999,Toyota,Tacoma,felis,PRX 1965,NY,FR27 0177 9222 92RW C65M MSSE G95,4055942,18968,7290
1992,Acura,Legend,et ultrices,URL 4715,PA,BR39 0917 5965 4750 4181 3288 542R V,7458150,9060,2611
1995,Mitsubishi,RVR,sapien a,PIA 5754,GA,RO84 ZCVU LGJS SY2C YHDF 3QVK,4103339,4741,18782
1991,Volkswagen,Jetta,a nibh,BAQ 8694,NY,DE26 3341 3013 0450 3041 99,9438967,8497,6258
1998,Suzuki,Swift,vel dapibus,MHR 4205,PA,FR50 1308 5121 1719 IX8R 818T U74,2104998,5714,14963
1998,Nissan,Maxima,tellus,PWF 4403,CA,TR54 2461 95GY A6S5 A9T2 JML7 4Z,8853161,16352,10922
1996,GMC,3500,lectus,HIV 1880,AR,AE26 6742 2236 0554 1320 055,2686963,9867,6676
2008,Dodge,Grand Caravan,etiam vel,TAM 2799,IL,NO98 7754 4509 523,0653641,7215,6220
2007,Kia,Spectra,quisque,PLT 4660,MO,DO40 O1KV 3873 9339 5204 6834 7249,2037335,6666,3611
1978,Chevrolet,Corvette,aliquam erat,BWK 1579,ND,HU39 3984 6366 5841 0959 7443 1588,1015755,10268,14202
1996,Toyota,Avalon,luctus,ONB 8391,VA,BH33 UAQO QJDP JJTI JPRW IG,6725493,4602,3881
2010,Audi,A4,eros elementum,KDH 8856,NV,FR78 2167 5917 21CM BASO QSWZ U07,0201811,16832,11485
2011,Kia,Optima,integer non,QLU 7228,OR,DK10 6489 7631 4949 37,6228720,14001,4039
1984,Mitsubishi,Galant,tincidunt,MHP 3258,DE,DO65 SFRG 1227 1647 3415 7126 7313,6052242,6669,9657
1986,Mitsubishi,Pajero,leo odio,BYV 8205,PA,IT45 H771 7854 2659 EPWD DLKZ IYO,7722049,14886,13424
2009,Toyota,Avalon,pharetra magna,XOH 0997,OH,IE69 TBYV 2706 9628 8138 33,8848953,7662,15223
2010,Toyota,Matrix,sed vel,XWD 2331,MA,IL92 8595 1294 1720 8956 850,4076550,2347,2290
2004,Lexus,SC,hac,XCY 2914,TX,MD98 HOZW 0Z8B M7EH BCB8 3ZHJ,7686084,5429,11045
1997,Nissan,200SX,bibendum,EBS 6892,CA,MU60 RBCS 1011 7343 5441 0018 048H MI,7381817,5788,9876
1993,Mitsubishi,Eclipse,luctus,ZXS 8919,HI,AT47 7406 0561 8005 9108,3443827,8393,18793
2004,Dodge,Viper,justo sollicitudin,QHS 5829,FL,HR06 1165 9690 8856 4201 0,7937816,4209,15987
1989,Suzuki,Sidekick,nisi,PRN 2919,GA,FR45 6862 8513 34JC 9LX9 DRGG B03,5551277,18638,18001
2006,Volvo,S40,quis turpis,MBE 5223,NE,DE41 3880 7604 7025 1012 16,1573867,19144,7814
1994,Lotus,Esprit,dapibus augue,BTG 9862,MO,NO74 1061 1025 812,4579967,19003,2654
2001,Chrysler,300M,nam dui,ETA 9558,NY,LT85 0223 8580 7654 1294,7381883,3856,9908
2009,Maserati,Quattroporte,augue,WEP 9937,NC,FR38 9691 3978 46JN SDAI UKMS W52,4703064,9158,11604
1991,Lincoln,Continental Mark VII,odio curabitur,JUK 0563,IA,KW81 MDVA 1LCM 5AHI XTAJ NSHX G471 TJ,1270848,12457,8729
1995,Dodge,Ram Van 2500,volutpat,OWV 1433,FL,EE09 1409 6694 9919 9787,6821041,19581,18081
2008,Saturn,Astra,cubilia curae,MPB 0434,MI,BR55 9506 5931 4927 1908 7820 113B L,8700422,15194,15068
2012,Rolls-Royce,Ghost,eget nunc,LWQ 1594,DC,MT14 OOER 5442 5L3U BSKG XTEM VY7X HF9,3453971,8336,9612
2011,Toyota,Sienna,lobortis,VRX 2676,TX,FR35 5221 9061 63NM 7K0X NEY8 J06,1083466,14141,5450
2006,Bentley,Azure,proin interdum,TBI 6773,NM,ES74 9823 4623 0272 8201 3960,1015258,11688,6933
2005,BMW,745,suspendisse,YTE 9036,AK,ES26 9927 3897 5681 0459 6986,3089799,5249,19403
1996,Subaru,Alcyone SVX,nulla eget,YKL 8118,VA,PK61 UYHQ QWM1 YR4W MIII LVQE,6660756,12704,10276
2012,Suzuki,SX4,quisque,GVB 0755,MD,GE57 AW90 8820 0715 4414 28,8711240,16110,2955
2007,Mazda,B-Series,amet,VXQ 2893,IA,AZ76 VGEG OYTI YDKQ 72UT 5T6X LV1Y,4454415,5230,14611
2004,Suzuki,Daewoo Magnus,lorem vitae,YVC 5017,TX,CY04 7209 7216 583K LZPW IHZO RUN2,4621921,9065,2150
1986,Ford,EXP,non,FKT 1639,NY,FR78 2176 3257 34NG GPRB POPF U62,3683576,11146,11752
2006,Mercury,Monterey,nibh,HPQ 2691,WA,BA17 3634 5390 6991 0128,3292971,14219,11834
2001,Ford,F350,eget,IJR 1931,MD,BE18 9194 1431 8482,8763711,2486,4605
1989,Mercedes-Benz,S-Class,vel,TNE 8850,MA,BH81 KGVD 0HAY BG0K XTC1 AX,6354512,19908,4866
2006,GMC,Envoy,lacinia,IJZ 9435,MD,MD29 QXJA YHWA OLRJ IDSF 5KTM,3749747,8085,10161
1994,Mercury,Capri,lorem,TAL 6124,MO,FR60 0570 8420 776L 1DFC UXDG O31,6868639,7724,18145
1995,Mitsubishi,Mighty Max,lectus aliquam,KSF 1183,CA,GI71 OSMY HFMF WB7O RKWH 3EK,7808345,2923,8259
2011,GMC,Sierra 2500,at,AIH 3041,OH,LI74 0261 7AEG KQTF QCFT P,4056798,9351,2141
2005,Volkswagen,Phaeton,id,LGU 5897,DC,LT13 8045 5456 1158 1956,7046638,13566,13197
1988,Porsche,944,tortor duis,DBL 4851,FL,FR45 2633 5920 64DZ WYOV LNSU H24,4543971,10910,14247
2008,MINI,Cooper Clubman,mauris,TAQ 7138,VA,FR87 1704 6196 209X PI8O EYYW J45,7277576,19391,8272
2002,Ford,ZX2,volutpat erat,GSU 8937,TX,HR66 6626 8780 0879 7088 6,7235842,13395,5755
1997,Subaru,SVX,tortor,TLC 4219,FL,TN47 3008 8512 9109 2680 7548,8998368,4296,18319
2010,Audi,A6,nunc vestibulum,DXP 3919,NY,TR05 8197 3VEG Z6DX VS5F 2T8N 25,2997871,10747,6158
2011,Aston Martin,DBS,diam,EDH 4396,OR,LB55 7997 4VM9 KAR3 BBAO ZOIX R6VK,4821824,14433,9514
2001,Oldsmobile,Intrigue,praesent,TLY 5616,PA,SK73 8970 6893 9003 7258 5709,1411407,19022,3851
2010,Honda,Ridgeline,interdum mauris,ITC 9632,FL,FI04 3774 2777 1464 64,8791586,5180,17565
1995,Honda,del Sol,erat,ZUG 7609,NJ,LI38 6172 9KEE WEAX JMBP I,0919367,14954,7198
1963,Chevrolet,Corvette,hac habitasse,PEZ 6280,FL,SI78 0148 7166 8487 762,0388424,18214,14115
1993,GMC,2500 Club Coupe,nunc vestibulum,FCO 1595,CO,FR95 4450 6881 85CT QWOB OZHA K53,3378917,8448,3441
2003,Lincoln,Navigator,ipsum,RUV 7292,CA,AE28 6528 8359 3483 4809 378,2815823,6049,6715
1998,Lexus,LS,quis,PRH 3378,FL,IE55 NQEI 3507 2070 3453 60,5211336,15706,13649
1999,Chevrolet,S10,diam,PVU 7576,VA,SI30 2906 5767 0241 488,6079582,7967,2184
2001,Toyota,Sequoia,nam ultrices,UBQ 2366,DC,MT08 IDIH 0837 6TBG 3ZW4 ABVS G09Q HQV,4111510,5715,7932
1999,Chrysler,Sebring,vivamus,IVK 8517,TX,HR27 5323 3958 9098 2122 6,5380534,18214,6376
2006,Dodge,Magnum,metus arcu,SPE 8160,MO,MC66 1623 2948 63J8 IUWR WGMG T46,4231153,16065,10291
2000,Chevrolet,Prizm,etiam,VXK 1900,KS,IE86 VNGD 6668 6930 6264 52,7706497,9504,11952
1996,Ford,Aerostar,potenti in,YXI 8586,OH,AL50 8325 6581 7KUJ FNQK QMRC CD18,6364437,2971,7460
2010,Toyota,Tundra,aliquam,BDN 1359,DC,NO22 8082 3211 674,0424536,7968,5178
1996,GMC,Sonoma Club Coupe,luctus ultricies,UVG 9398,GA,BR97 2588 2811 1458 5835 1319 303Y 3,1974433,2207,11404
2001,Chrysler,LHS,erat eros,LIZ 5548,IN,DK12 2836 6867 0386 12,8840750,17496,11292
2011,Lexus,IS F,ligula,MVJ 8302,KS,DO20 QTDW 5329 9012 1369 0299 2792,5946844,15247,18211
1993,GMC,Suburban 1500,dui,RJV 5812,TX,FR93 7155 7238 73L3 QBLQ 0IDP M81,2104287,3181,5981
2000,Daewoo,Nubira,nisl,HYW 7890,CA,PT27 3309 8810 6278 6073 3126 5,1374863,14117,11674
1994,Chevrolet,G-Series G10,ut,LWV 8843,FL,SA84 76HO KBTV AWRY ML33 1GQP,8924378,18939,4150
1995,Buick,Park Avenue,et,CXE 5645,OK,DO61 HUII 9162 0813 4091 3804 6755,8905333,17705,9588
2006,GMC,Sierra 3500,nec molestie,DXG 6079,NJ,GR62 5390 0770 J2XE SXWB HVJT LOM,2960443,10163,17124
2007,Hyundai,Elantra,vestibulum ante,JRA 4334,CO,SK29 5978 8443 9493 1981 6102,7455091,2754,12160
1991,Mitsubishi,Galant,ut ultrices,HLZ 3367,DC,FR08 0098 1838 09KP CAF0 GFON E08,8469383,10969,15376
1991,Ford,Ranger,accumsan,RVJ 5599,GA,LU77 7938 JJ67 KBET DN1I,8848328,7311,16938
1999,Chevrolet,Blazer,tincidunt,LGT 6520,KS,GI93 OJWR LGKQ GUSE ECHC EB4,7549718,2029,4110
2003,Ford,Explorer Sport,tincidunt eu,YQM 5605,TN,FR16 0448 9694 43DH 7SE0 JJCO P08,6101918,11897,10799
1992,Lincoln,Continental Mark VII,a,VBN 1777,MO,AE53 9853 6365 1636 2505 410,8911763,5515,11541
2004,BMW,Z4,lorem id,UWP 5999,NM,GT02 JRUD Z18B UXAI YVE1 52TI H5MC,4531530,5578,4814
2007,Nissan,Xterra,pellentesque,DUH 4541,VA,GE46 OP82 9331 8817 0994 75,1921621,7754,14663
2007,Audi,RS4,elementum,BIE 5681,WA,NL16 EEIO 9861 2604 74,0271997,6553,5899
1997,Chevrolet,Express 1500,iaculis diam,JVB 2709,IL,CR68 6692 7843 3450 9297 7,4671543,4701,13732
2012,Chevrolet,Traverse,consequat,JMF 4158,FL,CZ57 2182 5597 8397 6569 3485,4007734,15177,14468
2013,Toyota,Land Cruiser,nulla pede,JEF 8005,PA,DO30 MK2G 6751 5981 9163 1337 0548,8022112,17978,3346
1999,GMC,Sierra 1500,amet nulla,RCT 7185,MO,FR77 4750 4525 31OV RB0U PC7B K89,6684917,18199,18113
2002,Toyota,Camry,vestibulum ante,TRU 6773,FL,BH33 BLWT 4ZHX 0RLC WMI4 ML,4775233,17307,14775
2008,Mazda,CX-7,id pretium,XSN 0756,FL,KZ58 203D BDV7 LUGQ QEBF,6863954,13964,8089
2006,Kia,Rio,venenatis non,PTC 7754,CA,IE94 ZBHW 7508 3800 4000 93,9282071,13343,6561
2004,Hyundai,Accent,suspendisse potenti,QRS 3482,TX,MR82 8700 4685 9991 1168 8870 831,5707764,4474,15356
1993,Mazda,MX-3,pellentesque,AMK 5968,CA,FR96 1647 0718 97WR NVN2 WUG4 U71,7621547,2741,6577
2009,Mercury,Sable,volutpat,ENJ 1047,FL,MU26 IORD 6179 0720 1601 7645 401K HJ,8323384,10288,4741
2012,Ram,2500,sit,KXI 6676,VA,IT11 T519 5063 990Y TIOC 6YHR CNY,0529139,11501,4410
2012,Nissan,NV2500,rhoncus aliquet,FOY 8290,CO,GB25 SUMN 4620 9599 6460 95,5321395,10723,8798
2000,Mitsubishi,Montero,et ultrices,MUN 3571,VA,BA54 6712 8191 1864 5391,3726488,8540,14446
2007,Bentley,Arnage,in,ACH 4649,MN,KW61 ZIHG 5NIL JCJW 6CPS IC2H 9CLA ZT,6711248,8933,15970
2002,Lincoln,Blackwood,rutrum,OKS 7499,NY,TN61 5543 4123 4284 3277 9701,4079092,7115,8527
2010,Maybach,57,nullam,XIL 1841,OR,GL21 9986 3953 1968 21,9639489,7312,13952
1992,Ford,F350,elit,OUM 2790,IL,BG23 CBRO 8429 60KH VONS QI,6659037,10982,2569
2012,Honda,Crosstour,felis sed,IJN 0737,KY,AZ31 ODAS JP2Z HOGE F5II F54X LVF0,0817849,18470,16345
2006,Mitsubishi,Galant,mauris,LHK 1069,MN,HR50 0990 7005 6833 1660 0,6933294,7971,16997
2003,Chrysler,300M,pellentesque at,GAQ 8572,NE,GT87 EIIN GCQ8 JNXX CM36 NXH9 5LVD,6845134,14744,14576
1997,Acura,CL,non pretium,TDY 3586,TX,BR45 2915 0816 6562 3893 2600 022A H,8311540,19652,18644
2011,Ford,Crown Victoria,fermentum justo,FMH 9194,DC,RS58 9342 9473 7350 6625 24,1287313,5375,2333
1989,Pontiac,LeMans,elit,OSL 8070,PA,EE27 0056 2612 9969 4755,8295199,18834,9125
1995,Chrysler,Concorde,convallis,YTJ 0213,IL,FR16 1983 7251 45KZ CAAP AGEM N99,5172470,2605,9839
2006,Infiniti,FX,eros elementum,QFX 4532,CA,NL46 VWCY 2646 0216 67,2063925,14970,17656
1984,Ford,F250,bibendum,TRG 4040,WA,DK87 6115 7968 9247 28,3854716,9439,17596
2012,Dodge,Caliber,curabitur at,YPR 7302,TX,VG57 KRJD 9374 2572 2940 6132,7862209,2269,6045
2006,Toyota,Yaris,lectus,OCJ 5692,MD,IL49 2645 1929 9947 6538 413,4515411,19766,3515
1985,Pontiac,Grand Prix,et ultrices,KPU 7786,NY,FR82 6679 4147 65AI GA7A W4X6 F37,0285691,5407,5894
1992,GMC,Safari,purus,CSR 4543,TX,MT22 ZIPI 5929 86HF D9ZZ P7OI MSHG 1NX,9697245,5673,3556
2008,Toyota,Sequoia,nam,MXT 0966,NC,HU13 9771 6916 4396 9736 7969 4780,6675208,11221,18588
2008,Ford,GT500,etiam,ZWD 9631,AR,NL03 HYGT 3796 9705 40,2117913,12635,13700
1998,Ford,F250,posuere,PUY 1511,DC,MC79 8010 9833 55JS GLXA 8QCK 597,2757995,16879,9477
1997,Mercury,Mystique,magnis dis,LKV 7849,VA,RS70 4865 9273 0720 8860 57,2878912,13367,10307
1997,Buick,Riviera,in,FSB 7028,CT,GB36 BRBS 1015 7809 0398 58,1612889,9666,3472
1984,Ford,Bronco II,nisi vulputate,FUI 4937,CA,IL51 6058 9360 5916 5812 518,8122274,18755,7059
1993,Mercury,Villager,morbi,FLX 8663,TN,ES21 6302 5479 2884 5460 1952,6668382,17786,4989
2000,Infiniti,I,nonummy,SMO 2770,NC,MU97 GLNP 4265 9189 9081 3806 145Q RK,7772100,11777,3937
2001,Lincoln,LS,orci eget,KYX 5206,NY,FR56 3593 6442 94EO 3ODU UHOT B51,2646684,3021,8996
2003,Audi,A4,velit nec,OFK 0873,NV,BG31 OGBQ 5426 83LO N0N3 5M,9871202,10569,6678
1993,Honda,Prelude,eu mi,NHF 0553,FL,DE54 2034 6431 7636 5024 76,6389078,8142,5651
2005,Chrysler,300,eros vestibulum,YEO 2556,CA,FR60 3570 5822 35KE YUEP 21QP G16,1533571,10062,16837
2009,Toyota,Camry,sit,ODV 3145,CO,DO91 2ROD 9887 9879 7257 6337 4172,5110792,16446,4788
1994,Geo,Metro,suspendisse,FCA 0136,KY,DO11 KXJJ 6426 1958 2429 3725 5567,1585756,17970,8776
2011,Cadillac,STS,in,BMN 1502,TX,SM26 T039 3757 587K C9YN QM2A AAR,8633731,5317,14271
2006,Mazda,Mazdaspeed6,rhoncus,FRH 5084,DE,GE38 CX19 6153 4720 5489 33,2615140,5619,19593
2003,Ford,Focus,mauris,WGY 4587,MO,FR48 2012 8339 44WT DBCV RUML G21,1406854,15640,10850
2012,Ford,Flex,luctus,GVK 9897,NY,FR07 6989 6369 51KJ 7EFM SXOC T42,6078871,18691,14792
2008,Infiniti,EX,nulla,JNZ 8475,CO,PT94 6337 6455 9482 0459 0132 4,3685591,2109,6055
1991,Buick,Coachbuilder,laoreet ut,CAH 7843,LA,SK57 0674 7207 9514 7218 6554,5832431,17321,12654
2004,Mercedes-Benz,M-Class,non,NIJ 8550,CA,GI05 BULT XO6W IWSV TTT8 GKB,9835369,13277,17849
2005,Volkswagen,Touareg,non mattis,UEY 1745,WA,BG73 NMHI 2536 378R DQ8T V7,6009764,9809,13063
2007,Ford,E350,a libero,GVC 9700,TX,LV58 YMEW P6M3 GBHD H3NY 0,1997427,19983,8057
2009,BMW,M6,odio,QMW 5557,MA,GL93 5449 5281 6648 34,0923724,15520,14747
1997,Toyota,Celica,turpis,SKX 0157,GA,SE98 5106 1839 4077 2208 2765,3479700,7231,9358
2009,Volvo,V70,vestibulum ac,OHA 0178,IL,TN57 3837 1351 2946 5052 8794,6133411,3729,7691
1986,Mercedes-Benz,SL-Class,varius integer,ZAY 5841,DC,GB68 IZMX 1503 5765 1228 05,6874449,5626,18695
2002,Mitsubishi,Lancer,pede,EKI 5289,CO,GI34 UCIW CS0Y UWID QMIZ JRB,8087658,6746,18773
2001,Toyota,4Runner,quam,YPH 9574,MI,FR50 9402 5290 66ZM VQJD U3KB K46,9667041,2829,15959
2012,Cadillac,Escalade ESV,sagittis,TGL 3689,FL,MU40 ISJJ 6499 5288 3178 7971 657X DH,8454803,8186,9213
2007,Ford,Five Hundred,purus,VBK 6443,VA,DO66 S3OI 7638 8521 4076 0734 3226,7109496,3805,6870
2005,Chevrolet,Venture,nulla mollis,UTH 7311,CA,KZ55 0558 11EG MIQ7 AYHC,7012445,13264,9872
1998,GMC,Jimmy,luctus et,FBA 2869,FL,GR66 6534 582D WR8W PCCE TWBP OM4,1883253,16962,13532
2006,GMC,Yukon XL 2500,turpis sed,IWG 9254,FL,MK35 441X 7OU2 BVJO Q33,0356931,4352,18988
2001,Ford,F350,donec,EAI 3786,WA,IL31 0353 6226 2163 4726 933,9523150,19763,4773
2006,Audi,A6,a,PNH 9113,DC,FR65 6115 1156 77VV L4WS 1UVK I49,0700288,19715,8802
1991,Porsche,944,primis in,FZW 1650,CT,BG65 NXDH 8654 2946 GPPP EI,2714805,6256,11847
2011,Aston Martin,DBS,tristique,YPN 8522,CT,RS66 5453 6812 6683 2638 84,9266473,6136,5183
2008,Scion,xB,feugiat et,GZT 5744,NE,SK39 8797 2044 5543 4326 2866,3166103,2067,12822
2005,BMW,5 Series,nibh,VNT 5072,NY,CZ96 6349 0585 7514 1165 5190,4736286,10557,14581
2011,Nissan,Armada,porttitor,BAI 8176,TX,KZ66 316A UZSY RJS2 4PQR,7386964,7753,11425
1989,Saab,9000,cras,AQU 3703,NJ,SE30 8110 0401 1060 7117 9812,5928775,7707,2554
1995,Chrysler,LeBaron,pede justo,TNJ 8942,AL,DE60 4785 2287 4943 9021 86,6768959,5353,7612
2006,Dodge,Dakota,hendrerit at,ZGE 6187,CA,BE36 4707 9339 0703,0805079,11043,19835
2007,Morgan,Aero 8,luctus,NFO 7354,NY,FR84 3938 0159 37QN KC5X MNRW F56,3191047,10860,9984
1989,Honda,Civic,placerat praesent,YGF 9745,WA,SM23 B802 2975 038M 1PEB SK0N FX5,4461214,18639,4842
2001,Lexus,ES,pellentesque viverra,JXZ 4868,CA,LU91 775X 6QWW JJZB SPL2,9773997,7374,11772
2012,Aston Martin,DB9,tempus,UPF 6887,OH,TR04 0809 5OEK EBCS WAIQ QCK1 9P,2330174,17889,6427
2005,Pontiac,Grand Prix,risus praesent,VWA 0125,NY,MT92 DAHH 1779 4E1O M2NU XHWK AIGA 8ZY,8717789,12947,9134
2007,Honda,Element,in hac,GOZ 3473,GA,FR44 8502 3535 8061 E0LC YZOX E29,7804631,15836,2481
2005,Mercedes-Benz,S-Class,etiam,PKD 2647,MD,ME88 9051 9239 6557 3613 89,6870836,7904,2007
1989,Mercury,Sable,lectus pellentesque,ALR 4665,NJ,FR61 6891 3991 277S JQ3B RKSS K40,2817838,14112,14126
2011,Maserati,GranTurismo,metus,ECA 4449,VA,MU24 IIZW 3386 6801 5437 3949 457J RZ,2201065,2127,6028
1986,Ford,Mustang,ante,QMD 6614,MS,HU47 8600 9693 7111 6547 7687 3580,2787176,5914,11292
2012,Ford,E150,ullamcorper,OEP 7921,TX,KZ87 6644 GEYL 5XLO CVKS,0370346,13126,10050
1975,Pontiac,Grand Prix,augue a,MVX 6180,OK,RS59 4137 3540 7156 4794 72,9158011,17684,5871
2001,Toyota,Solara,in,VER 5773,TX,IT14 I381 2526 043T WWKZ EYBW CXS,5211064,11796,12781
2000,Daewoo,Nubira,elementum,SHV 6389,NC,PL96 1817 0133 7324 9590 2543 0595,8210492,16248,6946
2011,Lexus,CT,adipiscing,PQI 9891,MI,LT77 9743 7987 6042 1684,9914218,16916,7304
1998,Volkswagen,Cabriolet,vitae mattis,XSZ 3427,CA,MU82 HOOP 6121 2683 9665 4032 175Q WE,9060219,3859,11682
2007,Hummer,H2,porttitor,LOB 0749,MO,NO86 7243 9667 071,2645210,11867,2141
2006,Isuzu,i-280,dapibus,ITA 3694,IL,FR22 3658 7045 31QB PTUL 3GZN O84,3465788,8885,18811
1989,Lincoln,Continental Mark VII,bibendum felis,GHY 6075,CA,PS12 IUPS E2CB CDIE FHNS U3RT RXCW F,8458836,5890,18108
1996,BMW,3 Series,amet consectetuer,ELR 1657,NJ,KZ20 868V UKET XIAN D5TF,5170331,9377,14128
1985,Volkswagen,Cabriolet,nulla suspendisse,RSG 6638,OH,LI63 9474 8H0A Y1UF 9A4G V,2585297,14330,10044
1992,Honda,Accord,facilisi cras,NLW 6858,AR,IL49 8604 6656 6100 0878 657,4993165,13374,3956
1999,Mitsubishi,3000GT,in,JLR 3797,OR,SA52 92LI WHTU YHPM I3RL 495B,5458065,12086,11748
2005,Dodge,Durango,non quam,WSM 8035,NM,DO73 XNPN 5599 8595 9932 4920 5830,4432445,19724,18619
2010,Chevrolet,Express,luctus et,KNI 9873,AL,PK83 PLHP T04X MJEA LZBH KQJ6,2688731,13787,10727
1995,Dodge,Viper RT/10,placerat,HVG 1611,NE,DO78 NNXJ 7442 4773 4480 3219 9016,9388178,8182,11791
2009,Bentley,Arnage,enim,LDV 7608,MA,MK32 071A S7BK SEVO K21,1800931,10854,16896
1998,Cadillac,DeVille,ut blandit,RGV 5456,PA,HR02 1632 2682 8095 9982 4,1602877,3704,16873
1999,Chevrolet,Silverado 1500,montes,FEM 0230,TX,EE77 1764 5311 4030 5196,0610717,5541,8554
1987,Mazda,RX-7,vestibulum vestibulum,BFO 5987,NY,CY21 8721 1195 7EKO CPFG Q8DJ R1VK,8847505,16259,8244
2000,Ford,Excursion,nonummy,GKH 7222,VA,MU34 RZPR 4244 3809 1520 8195 036F SN,1098539,7719,8609
1994,Chevrolet,Cavalier,natoque,IKD 8123,SC,SM39 Q337 7336 979Z DMYE 6IRW C4G,6753997,15126,9408
2002,Chevrolet,Camaro,nisl aenean,UXL 7101,PA,FR82 9040 1009 67IZ LI17 W1RB T65,2056150,19590,13697
2001,Buick,Regal,ligula,JNZ 3598,UT,PK54 FETZ LFQC U6CD LPY0 WEQB,4870935,17328,16048
1997,Honda,Accord,est,RSA 1929,FL,FR17 5170 9495 85UE 92SK UPAF L05,2035687,9735,6325
2000,Audi,A4,pellentesque,HRX 6807,NY,FR54 3231 0288 1222 JWU6 UZKU Z91,5421070,10397,8700
2005,GMC,Sierra 2500,volutpat,FGK 4441,GA,BH07 IWYK NO4W SZKD ZZSD UL,5078191,7645,7544
1991,Ford,Taurus,scelerisque,CMP 5957,DC,LI68 8831 0BS0 3Q0R FFXI H,4892892,2936,5499
2011,GMC,Sierra 1500,sollicitudin,FMH 7267,PA,FR30 1639 6116 53N7 51RT FRQN A18,5434917,6491,8773
2003,Honda,CR-V,ac neque,OBS 1689,CO,BG38 DHSC 8713 792U AQXB IV,7082856,7210,4120
1995,Chrysler,Sebring,ac consequat,NTO 3062,CA,FO38 0538 0939 0793 05,4228611,13137,5517
2008,Chrysler,Pacifica,at,RXE 1495,WA,ME31 3631 1416 1439 4069 25,9642797,18764,9670
1987,Mitsubishi,Excel,augue quam,TWN 2074,PA,IE28 WCPF 7252 2935 6523 76,4764813,6399,15131
2012,Volkswagen,Tiguan,in hac,EHW 9732,TX,LB08 3348 8SIL PSBV HNK9 2EFT SES0,6191024,17644,10141
2003,Audi,A6,faucibus,NYH 2473,KY,FR75 1333 0825 24TL 60AO 6WCL Y15,8419358,3104,15378
2006,Chevrolet,Suburban,diam erat,LCA 8024,AL,ES50 2035 1905 6663 1917 7318,1895758,18853,9628
2012,Cadillac,CTS,eleifend,WKT 4921,MA,IS17 6633 7597 5335 7491 9780 87,2027827,14736,13179
2009,Ford,Taurus,in,ZGX 8836,KS,BA73 2034 7942 0053 8279,6932700,13278,14915
1993,Mitsubishi,Chariot,vestibulum sagittis,LBI 5152,HI,FR02 2023 4336 54IZ VPHH GBLP Q80,2943679,2501,5703
2011,Nissan,Quest,ac consequat,TIB 0284,TX,SK02 2886 0753 0569 0186 5986,4779796,9790,2216
2000,Nissan,Maxima,quam,BKI 0143,MO,FR59 3132 5918 98JZ K2VY 7RHT O35,2069093,4697,16461
1997,Mazda,B-Series,duis,WPK 4900,PA,FR57 1010 7911 69XQ H6OK CXMU J70,8100641,2658,6307
2009,Maybach,62,ut,VTG 9635,SC,RO71 NEHC LTBG A5TH MNPM BUUG,3203335,15224,10890
2000,Hyundai,Sonata,consectetuer,PDA 0831,OH,SI09 9946 2573 3849 939,9917263,16205,13167
2005,BMW,M3,mauris viverra,MVG 7915,WI,CR53 0243 0658 2019 8591 9,4350873,14095,8372
1992,Volvo,740,vitae nisl,IPJ 4383,IL,GL82 6426 2119 9017 71,3978494,14731,17021
2000,Suzuki,Grand Vitara,sodales sed,LHE 5296,CA,MK92 8414 VKEB 1OL2 Z73,1588251,8634,19005
2012,Chevrolet,Camaro,cursus id,YIQ 2507,GA,TN56 1325 7848 1819 5405 8714,7675336,14747,5562
1992,Mazda,Miata MX-5,morbi vestibulum,XBF 6254,CA,AE33 9989 6746 3457 6846 957,5012970,9115,17066
2012,Mitsubishi,Outlander,sodales,JNY 9144,NH,LB33 3444 EVTK OS4F PR1Y 1PB9 II1D,5120863,15170,12389
2006,Saab,9-5,lorem id,QDS 9016,NY,BA68 9876 5475 1477 0481,0039122,4447,5426
1992,Chevrolet,Suburban 1500,aliquet massa,CNJ 1003,AL,CR20 0296 6304 2164 6975 7,5025822,14821,7881
1992,Chevrolet,Caprice,quam,VKL 7177,MN,FR84 1408 8026 18OG GHSL LU6L M86,8951279,6080,17938
1987,Ford,Tempo,sagittis,ONX 2572,IN,FR84 5190 0645 30GV LGQ2 FAKW I70,8591125,16974,9966
1957,BMW,600,vel ipsum,QPM 5692,NM,AL10 4998 2913 TDE9 KBGP XNX7 WNRM,1220888,3986,11584
1998,Chevrolet,3500,et magnis,HWU 2683,DC,MR42 2235 2239 7979 3191 1741 223,5018939,19379,17923
2006,Chevrolet,SSR,donec,FZO 0320,AZ,FR58 1263 3666 67I7 P1OD H8MF B36,8398440,16623,4894
2008,Chevrolet,Aveo,pede,DJM 1509,TX,FR88 7666 1406 02HP 3RE1 LFU2 I02,9343392,5359,16654
1995,Geo,Tracker,nullam sit,FQZ 0220,IN,RS54 4134 5290 8721 0374 36,9128987,6175,18535
2006,GMC,Envoy XL,elementum nullam,RJD 0532,AZ,MR54 1625 8821 2470 7043 8050 499,3332612,19418,7473
2006,GMC,Yukon Denali,amet,NVJ 1961,NE,DO20 SNQQ 2230 3186 0388 2847 3358,0259694,18829,5229
1991,Ford,Festiva,dolor quis,IKU 6743,OH,AZ92 SCUS 0HZF JT7B QUIA LAL2 R91Y,9091390,10342,15328
1998,Isuzu,Hombre Space,volutpat,BDS 7324,DC,SA17 03MA 3BQK 8VF1 KLFU UNDA,7608558,14150,6622
2000,Honda,Passport,non,IQO 7542,ID,IS79 5224 9710 9244 5745 4815 55,9468712,5215,13727
1977,Mercedes-Benz,W123,odio elementum,NBU 6170,OH,AE97 2975 3406 0538 3180 964,5191451,9168,3786
1972,Pontiac,Grand Prix,condimentum,RZK 1876,WV,RO43 ACHD LAUG OJSD QPND A4KS,7079149,2957,11276
2007,Ford,F150,non ligula,ADF 6982,FL,LU65 522Z VDNA ZLVH 0MRR,3875483,11522,17030
1993,GMC,3500 Club Coupe,lacinia sapien,RHL 3405,LA,PT96 9106 7727 2375 0290 7941 7,9568018,10300,11238
2008,Chrysler,Crossfire,laoreet ut,CHL 0718,NY,IL27 4083 5016 4884 4023 274,0792362,17798,2797
1997,Mercury,Grand Marquis,in sagittis,MFW 4467,MI,BH69 MWBW GGBN VL6E ESSH T1,9409523,4376,5620
2007,Mercury,Montego,aliquam,VHB 3123,AZ,LI21 4151 5VIQ AIIG QRMJ D,9986093,13611,4591
2005,BMW,6 Series,blandit,IYT 6260,TN,BH73 NPHK T0TN QVPD 0S5A CS,8000539,8166,12210
1989,Honda,Accord,semper,KQL 6258,CA,AT63 0558 0605 8330 9014,9856680,9794,16382
2010,Dodge,Avenger,metus,UDM 6795,LA,TN92 3183 2163 5892 3851 8730,4938631,12662,5564
2004,Dodge,Caravan,proin interdum,YVH 5116,LA,PL79 8246 5779 6104 7468 9119 0959,6284772,9889,13047
1991,Subaru,Loyale,mauris,JCS 7429,NE,SI94 2157 3419 7958 362,3726173,19993,17811
2005,Ford,F-Series,magna ac,RKD 7026,NJ,KW56 KWWQ EIOL 53KL 8VNL 0GLU JKFU QI,1534578,6184,8294
2002,Pontiac,Firebird,turpis nec,SHQ 7950,MO,AT21 3675 3011 6101 3657,9379291,14839,18353
2011,Volvo,XC60,ante ipsum,CNU 3633,CA,SA78 04TJ A19E ZAAW 5C5K 6MH4,2793918,16667,9345
2012,Lexus,GX,justo in,MET 7012,MN,DE02 3104 5694 5322 1829 01,1229586,19713,6540
2003,Hummer,H2,phasellus,LYR 6673,CA,BR41 6214 9085 1531 2854 4946 916P 7,6864542,19287,18729
2011,Toyota,Prius,ultrices posuere,NTW 5941,IA,FO47 2865 0887 9926 87,9000827,3641,2566
2005,Chevrolet,Blazer,adipiscing,YCT 6424,TX,PK75 JAPG FOOL LFXW YQ7D V33C,8281170,8766,12959
1999,Audi,A8,curae,TBV 2287,GA,CZ76 4081 9678 6034 0930 0624,0513880,5871,16412
2004,Nissan,Pathfinder,nisl duis,MRB 9330,FL,FR79 7134 0828 03W9 WYUS N3HP U05,8963214,3939,9627
2009,Mercedes-Benz,CLS-Class,ultrices,TIA 3641,TX,FR09 4871 4780 11O9 UQ8B ZIP5 506,1562791,19860,14666
1992,Mazda,323,vestibulum,VDH 6508,MN,MC03 4990 4355 65R1 3H20 LBBM A23,5463915,17533,12589
1996,Ford,Club Wagon,donec ut,RMN 2440,NY,DO15 WZNA 7708 4411 9133 5418 7943,1489646,3402,5688
1968,Ford,Mustang,pellentesque ultrices,RCD 4065,FL,AE38 6837 5198 7170 9402 517,1359658,13661,8784
1993,Mercury,Sable,nunc commodo,AEK 8996,OR,AD94 1246 2212 UCYB FKKS ZPNC,8305370,19668,14182
1993,Dodge,D250,amet,AGJ 6613,CA,AL65 3829 2350 M2IM TWMF ERFM ONJP,9491064,6953,16113
2012,Audi,A6,in,CRW 7788,OR,IE62 UIIV 4165 6167 3198 80,5002848,16898,11321
2002,Ford,Excursion,aliquam,ABM 6797,TX,FR90 5365 4104 27RC OVUZ 11BO U32,6709317,12970,15348
2000,Land Rover,Discovery Series II,sed augue,LZP 3322,OK,BA23 5569 0061 6420 4147,7195402,12167,15468
1984,Mitsubishi,Cordia,nibh,EZF 2479,TX,MK04 883Z LA5U AAAV E60,3160579,8010,4520
1996,GMC,Jimmy,in hac,JLQ 5729,KS,AL73 1986 3999 S7MZ ZAVZ 366N SZC9,2092350,6572,19299
2002,Buick,Rendezvous,sed vestibulum,IBO 6991,OH,GL70 7018 2501 9514 20,7884035,5778,2534
1998,Audi,A8,amet eros,CBW 9681,CA,DE84 3299 7154 8121 2660 89,7004161,7055,16177
1997,Mitsubishi,Pajero,volutpat,GUR 3256,CO,ME62 5592 1323 7281 6333 84,6585479,3017,9378
1996,GMC,Savana 2500,posuere,WIP 6449,KY,FO55 1591 2592 1984 99,9102391,9083,3366
1995,Toyota,T100 Xtra,justo,XZC 7160,WA,GI28 YTOU NRFI RRPL VRKI BIY,1616466,6488,5074
1998,Hyundai,Sonata,interdum,VXD 1461,CA,LB02 7239 L8QR 6XJ6 D9N5 4DFL XUCR,7304975,6504,9749
2007,Ford,Focus,interdum eu,PUM 6831,MA,MD34 2WBA 3S7J ITSK X2QK PJYK,7464095,3731,16262
2012,Chevrolet,Impala,mauris enim,JYX 6342,KY,FR60 9562 4373 57SM Y9EP WLMA L69,0226738,3404,12774
2001,Jeep,Wrangler,natoque penatibus,VRQ 8035,FL,FO32 1990 3846 4926 67,7810857,13881,16284
2007,Toyota,Highlander,habitasse platea,QAM 7150,GA,RO96 XADG MYXT 1KFD PC6A G8H1,9727534,11505,11731
2003,Ford,Expedition,dui,XNI 0185,CA,NL06 FULK 4272 4419 27,7028026,11966,18829
1995,Nissan,300ZX,nisl ut,GSU 3036,NV,VG81 PLYR 8127 4347 3732 2654,1159091,19489,10229
2007,Infiniti,QX56,quam,UCY 2006,TX,CZ35 7356 5739 2872 1545 1700,7612588,18644,13731
2003,Nissan,Pathfinder,elementum,QWT 8801,NY,AZ98 SEOF 7NMZ 1R5Q KPPZ QV5S UVBE,8713845,13289,8318
2011,Volkswagen,GTI,ut nunc,DEB 0811,IA,LV56 XVPZ JB0K 9TKM SYB7 S,7872681,14596,19361
2011,Mitsubishi,Eclipse,vel,WHL 5523,OH,HR48 8400 1585 3740 4949 1,0556529,9298,3927
2011,Saab,9-3,duis,PYK 9949,CA,FR98 9582 8803 31TV TFB2 L0YL 915,7525868,14651,12103
2012,Land Rover,LR2,ultrices phasellus,ZLR 6943,OH,FR14 8712 4026 78HX GXFB HYWZ M62,8730101,6481,18121
1994,Volvo,940,luctus nec,MAJ 7226,MO,CR32 6022 6390 8586 9018 6,0290160,12322,16419
2004,Honda,CR-V,mi,LET 6915,AZ,ES04 4021 4445 9112 2544 9611,0994363,14959,3571
1999,Plymouth,Grand Voyager,orci,NGU 7336,VA,KZ38 4093 AQYE AABZ GQTA,4427755,8893,18787
1997,Toyota,Supra,vestibulum sagittis,VTR 9396,MD,NL81 WZZO 3700 9522 89,3971396,13979,3638
2005,Mercury,Sable,hac habitasse,VHO 9277,CO,LU56 777Q M3IY 4NMX TSWQ,0615107,2103,9764
1961,Chevrolet,Corvette,id,GQM 4303,VA,IS33 8254 4956 5097 0241 7345 21,5359746,8196,5840
2001,Chevrolet,Lumina,faucibus,BJD 3055,NY,PK42 SQKJ TKME ZKTM VFYX KZZ3,7893240,13223,15015
1988,Ford,LTD Crown Victoria,tincidunt,HEX 2106,TX,DE17 3513 5775 3328 9859 50,6234229,11681,12882
2004,Acura,TL,viverra,MVG 4484,VA,GL25 8308 3396 1227 08,5958086,16844,16552
2003,Toyota,Solara,nibh quisque,ZQC 8923,NY,GT47 0O5A 3THD 651H R2NT MBDI 75RY,6022274,14863,18802
1993,Mercedes-Benz,600SL,bibendum,XOW 0293,TX,KZ76 036W OHQV A0YD BIML,9030015,3216,3809
1989,Lexus,ES,ante vestibulum,AQV 7331,CA,LV19 OGVF EOIB IV0D X6XW S,0281961,19228,13442
1995,Chevrolet,Lumina,non,XWZ 6121,TX,AD88 8821 8704 XVDV YM5O SXF8,6771580,8061,4823
1969,Pontiac,Firebird,duis,GEW 4409,PA,ME70 7653 1266 0665 7452 99,4823492,16261,14245
2001,Chrysler,300M,sodales,FIA 5556,LA,FR68 3278 8611 58DN X0JH F5SF I73,6931837,2219,7213
2007,Nissan,Xterra,sagittis,JBZ 6076,IN,MD88 5XH0 IROM VGAU 1MNT FM3P,2051211,8039,14281
1994,Mazda,MX-6,in,NJO 3597,TX,LT88 1787 2547 5548 3576,9300422,12876,18112
2009,Acura,RL,nec nisi,INY 8197,IA,SI66 7130 5102 6538 400,0665189,10792,15778
2003,Jeep,Wrangler,integer,GWO 0539,LA,MT95 BJJP 7733 3Z16 JDOC SMO8 M2SV FO0,3993118,10998,6261
2010,BMW,X6,nunc,WBE 5500,DC,VG11 PUAG 5651 8126 9216 4795,8854094,11140,19573
2003,Acura,MDX,tristique,KJU 9594,CA,FR72 0275 4780 350G FC7Y H18G W01,8319079,5364,16372
1990,Volkswagen,Jetta,vel,XSK 0046,IN,AL51 1832 6970 QQB5 BJAR 5ZFG TUAS,8113189,3503,2164
2004,Lotus,Elise,hac,QUI 2371,PA,MT81 RAIJ 4299 3JZP E7ZC JDNS MBSU VHC,3212558,15670,18260
1989,Mitsubishi,Sigma,duis mattis,YOT 2862,CA,CY98 9653 0073 LQLL ACRY GT0I KAOG,8215945,6811,5868
1995,Chevrolet,G-Series G10,accumsan felis,LJG 9051,PA,AL32 1232 6569 Y8QL RYZR LVKU 2QRY,4312888,8753,13385
2010,Chevrolet,Cobalt,pede,PYS 7995,AR,IL48 1848 9287 5133 3502 259,8698990,12305,16745
1992,Mercedes-Benz,190E,commodo vulputate,GNA 3215,FL,CZ94 1396 9823 0773 4776 8138,6836735,9157,8036
2008,Scion,xB,ac,BAP 5456,VA,IE95 YNGR 1279 1114 0545 00,0494201,8293,12482
1975,Chevrolet,Camaro,turpis,WTR 2990,MA,BE71 3611 3061 3731,3500951,6601,8273
2010,Porsche,Boxster,non mi,YME 4220,VA,VG02 YRAU 0010 2202 4460 6785,5476297,2078,9079
1986,Lincoln,Town Car,cras,OWN 6272,FL,GE52 DX78 9236 0808 3568 50,6472634,7758,16083
1990,Mazda,Familia,dictumst etiam,GXA 2402,CO,AD38 3004 9589 55AN BU6L VTYX,3509791,6051,10654
2000,Chevrolet,Tahoe,in,VWL 9740,MO,NO55 0979 3065 312,6321657,7751,12891
1997,Isuzu,Hombre,justo,PDU 7102,PA,GT30 SEBD 7NGZ 4TW8 GFQT 3K1J N6MV,1629246,5518,13063
1984,Lincoln,Town Car,at,PHD 0088,MD,BH66 UPCH E7ZC 2FCU UCOM 8B,2412614,5154,7126
2012,Buick,Regal,id,XWG 2785,AZ,FR56 7923 9219 45YT LNQF PGKT 053,0529850,9823,9527
1999,Oldsmobile,Bravada,sem,XNT 3414,AL,FR09 4538 0991 11ZX D55X KTJA M28,4867527,13087,8430
2003,Mercury,Grand Marquis,hac habitasse,IZH 4537,CT,IL77 5924 5711 8799 7859 566,2625290,18481,8873
2005,Lincoln,Town Car,luctus,FXJ 4508,TN,LV28 FBNF A2TB HCFP A2JF A,7192839,16659,14166
1992,GMC,Safari,urna ut,JYE 9930,CA,KZ41 992P 40Q7 BMPW XENR,3296913,11334,5648
1992,Volkswagen,GTI,in,RND 3652,GA,PK81 NHFS FZJY KXRK CF26 LQ2P,1349346,18139,3830
2009,GMC,Savana 1500,mauris sit,AWH 4683,NY,PK76 GRUR UW1F 3U06 KTAL JNDF,3551437,5379,8842
1988,Volkswagen,Scirocco,sapien,KJI 3281,CT,AL58 3133 3382 0ONT I9JB KING 6CYO,2947638,17256,5059
2004,Mercury,Marauder,nisl nunc,EAR 3875,UT,FR68 8809 1872 00HE 7UX6 1EJ5 U25,5877953,6143,16065
